{
	"parent": "block/block",
	"display": {
        "thirdperson_righthand": {
            "rotation": [ 30, -20, 0 ],
            "translation": [ 0, -2, -2],
            "scale":[ 0.23, 0.23, 0.23]
        },
        "firstperson_righthand": {
            "rotation": [ 30, -20, 0 ],
            "translation": [ 0, -2, 0],
            "scale":[ 0.375, 0.375, 0.375]
        },
        "ground": {
            "rotation": [ 0, 0, 0 ],
            "translation": [ 0, 1, 0],
            "scale":[ 0.25, 0.25, 0.25]
        },
		"head": {
			"rotation": [ 0, 0, 0 ],
			"translation": [ 0, -49, 18.3 ],
			"scale": [ 2.29, 2.29, 2.29 ]
		},
        "gui": {
            "rotation": [ 30, -20, 0 ],
            "translation": [ 0, -6, 0],
            "scale":[ 0.5325, 0.5325, 0.5325]
        }
	},
	"elements": [
		{
			"from": [ 0, 20, -8 ],
			"to": [ 16, 24, 24 ],
			"faces": {
				"up":	 { "uv": [  4.8, 1.6,  11.2, 14.4 ], "texture": "#layer0"},
				"west":	 { "uv": [  3.2, 1.6,   4.8, 14.4 ], "texture": "#layer0", "rotation": 270},
				"east":	 { "uv": [ 11.2, 1.6,  12.8, 14.4 ], "texture": "#layer0", "rotation": 90},
				"north": { "uv": [  4.8, 0,    11.2,  1.6 ], "texture": "#layer0", "rotation": 180},
				"south": { "uv": [  4.8, 14.4, 11.2, 16 ], "texture": "#layer0"}
			}
		}
	]
}