{
	"parent": "block/block",
	"elements": [
		{
			"from": [ 0, 0, 0 ],
			"to": [ 16, 16, 16 ],
			"faces": {
				"down":  { "uv": [ 0, 0,16,16 ], "texture": "#down", "cullface": "down" },
				"up":	 { "uv": [ 0, 0,16,16 ], "texture": "#up", "cullface": "up" },
				"north": { "uv": [ 0, 0,16,16 ], "texture": "#side", "cullface": "north" },
				"south": { "uv": [ 0, 0,16,16 ], "texture": "#side", "cullface": "south" },
				"west":  { "uv": [ 0, 0,16,16 ], "texture": "#side", "cullface": "west" },
				"east":  { "uv": [ 0, 0,16,16 ], "texture": "#side", "cullface": "east" }
			}
		}
	],
    "textures": {
        "down": "craftingpp:material/santa_gift_down",
        "up": "craftingpp:material/santa_gift_up",
        "side": "craftingpp:material/santa_gift_side"
    }
}