{
	"__comment": "Designed by XeKr with Cubik Studio - https://cubik.studio",
	"textures": {
		"particle": "craftingpp:mob/gardener",
		"voxels_atlas": "craftingpp:mob/gardener"
	},
	"elements": [ 	 
		{
			"__comment": "Voxels",
			"from": [ -3, 14, -2 ],
			"to": [ 19, 15, 2 ],
			"faces": {
				"down": { "uv": [ 0, 15.5, 2.75, 16 ], "texture": "#voxels_atlas" },
				"up": { "uv": [ 0, 15.5, 2.75, 15 ], "texture": "#voxels_atlas" },
				"north": { "uv": [ 12.375, 15.875, 9.625, 16 ], "texture": "#voxels_atlas" },
				"south": { "uv": [ 6.875, 15.875, 9.625, 16 ], "texture": "#voxels_atlas" },
				"west": { "uv": [ 2, 9.875, 2.5, 10 ], "texture": "#voxels_atlas" },
				"east": { "uv": [ 2.5, 10, 2, 10.125 ], "texture": "#voxels_atlas" }
			}
		},
		{
			"__comment": "Voxels",
			"from": [ -3, 14, 2 ],
			"to": [ 2, 15, 19 ],
			"faces": {
				"down": { "uv": [ 0, 12.875, 0.625, 15 ], "texture": "#voxels_atlas" },
				"up": { "uv": [ 0.625, 15, 1.25, 12.875 ], "texture": "#voxels_atlas" },
				"south": { "uv": [ 2.125, 10.625, 2.75, 10.75 ], "texture": "#voxels_atlas" },
				"west": { "uv": [ 4.625, 9.75, 6.75, 9.875 ], "texture": "#voxels_atlas" },
				"east": { "uv": [ 6.75, 9.625, 4.625, 9.75 ], "texture": "#voxels_atlas" }
			}
		},
		{
			"__comment": "Voxels",
			"from": [ -2, 14, -3 ],
			"to": [ 18, 15, -2 ],
			"faces": {
				"down": { "uv": [ 12.375, 15.875, 14.875, 16 ], "texture": "#voxels_atlas" },
				"up": { "uv": [ 6.875, 15.875, 9.375, 15.75 ], "texture": "#voxels_atlas" },
				"north": { "uv": [ 11.875, 15.75, 9.375, 15.875 ], "texture": "#voxels_atlas" },
				"west": { "uv": [ 4.125, 8.875, 4.25, 9 ], "texture": "#voxels_atlas" },
				"east": { "uv": [ 2.75, 10.25, 2.625, 10.375 ], "texture": "#voxels_atlas" }
			}
		},
		{
			"__comment": "Voxels",
			"from": [ -1, 15, -1 ],
			"to": [ 17, 17, 2 ],
			"faces": {
				"up": { "uv": [ 0, 9.25, 2.25, 8.875 ], "texture": "#voxels_atlas" },
				"north": { "uv": [ 6.875, 15.75, 4.625, 16 ], "texture": "#voxels_atlas" },
				"south": { "uv": [ 4.625, 15.5, 6.875, 15.75 ], "texture": "#voxels_atlas" },
				"west": { "uv": [ 2.125, 10.875, 2.5, 11.125 ], "texture": "#voxels_atlas" },
				"east": { "uv": [ 1.625, 12.875, 1.25, 13.125 ], "texture": "#voxels_atlas" }
			}
		},
		{
			"__comment": "Voxels",
			"from": [ -1, 15, 2 ],
			"to": [ 2, 18, 3 ],
			"faces": {
				"up": { "uv": [ 2.25, 9.125, 2.625, 9 ], "texture": "#voxels_atlas" },
				"north": { "uv": [ 2.75, 12.5, 2.375, 12.875 ], "texture": "#voxels_atlas" },
				"south": { "uv": [ 2, 11.875, 2.375, 12.25 ], "texture": "#voxels_atlas" },
				"west": { "uv": [ 2.5, 9.25, 2.625, 9.625 ], "texture": "#voxels_atlas" },
				"east": { "uv": [ 2.75, 9.25, 2.625, 9.625 ], "texture": "#voxels_atlas" }
			}
		},
		{
			"__comment": "Voxels",
			"from": [ -1, 15, 3 ],
			"to": [ 2, 17, 17 ],
			"faces": {
				"up": { "uv": [ 3.125, 15.25, 3.5, 13.5 ], "texture": "#voxels_atlas" },
				"south": { "uv": [ 2, 11.625, 2.375, 11.875 ], "texture": "#voxels_atlas" },
				"west": { "uv": [ 2.75, 11.75, 4.5, 12 ], "texture": "#voxels_atlas" },
				"east": { "uv": [ 4.5, 11.5, 2.75, 11.75 ], "texture": "#voxels_atlas" }
			}
		},
		{
			"__comment": "Voxels",
			"from": [ -1, 17, 1 ],
			"to": [ 16, 19, 2 ],
			"faces": {
				"up": { "uv": [ 11.125, 15.375, 13.25, 15.25 ], "texture": "#voxels_atlas" },
				"north": { "uv": [ 6.75, 14.25, 4.625, 14.5 ], "texture": "#voxels_atlas" },
				"south": { "uv": [ 4.625, 14, 6.75, 14.25 ], "texture": "#voxels_atlas" },
				"west": { "uv": [ 3, 9.25, 3.125, 9.5 ], "texture": "#voxels_atlas" },
				"east": { "uv": [ 4.375, 11.25, 4.25, 11.5 ], "texture": "#voxels_atlas" }
			}
		},
		{
			"__comment": "Voxels",
			"from": [ -1, 17, 4 ],
			"to": [ 2, 18, 6 ],
			"faces": {
				"up": { "uv": [ 2, 12.5, 2.375, 12.25 ], "texture": "#voxels_atlas" },
				"north": { "uv": [ 2.625, 8.875, 2.25, 9 ], "texture": "#voxels_atlas" },
				"south": { "uv": [ 3.5, 13.625, 3.875, 13.75 ], "texture": "#voxels_atlas" },
				"west": { "uv": [ 2.5, 13.125, 2.75, 13.25 ], "texture": "#voxels_atlas" },
				"east": { "uv": [ 2.75, 10, 2.5, 10.125 ], "texture": "#voxels_atlas" }
			}
		},
		{
			"__comment": "Voxels",
			"from": [ -1, 17, 8 ],
			"to": [ 2, 20, 9 ],
			"faces": {
				"up": { "uv": [ 3.875, 13.75, 4.25, 13.625 ], "texture": "#voxels_atlas" },
				"north": { "uv": [ 2.375, 12.5, 2, 12.875 ], "texture": "#voxels_atlas" },
				"south": { "uv": [ 2.375, 11.875, 2.75, 12.25 ], "texture": "#voxels_atlas" },
				"west": { "uv": [ 2.75, 8.375, 2.875, 8.75 ], "texture": "#voxels_atlas" },
				"east": { "uv": [ 2.875, 8, 2.75, 8.375 ], "texture": "#voxels_atlas" }
			}
		},
		{
			"__comment": "Voxels",
			"from": [ -1, 18, 3 ],
			"to": [ 16, 19, 4 ],
			"faces": {
				"down": { "uv": [ 4.625, 9.5, 6.75, 9.625 ], "texture": "#voxels_atlas" },
				"up": { "uv": [ 4.625, 9.5, 6.75, 9.375 ], "texture": "#voxels_atlas" },
				"north": { "uv": [ 6.75, 9.25, 4.625, 9.375 ], "texture": "#voxels_atlas" },
				"south": { "uv": [ 4.625, 9.125, 6.75, 9.25 ], "texture": "#voxels_atlas" },
				"west": { "uv": [ 2.625, 10.125, 2.75, 10.25 ], "texture": "#voxels_atlas" },
				"east": { "uv": [ 2.75, 9.125, 2.625, 9.25 ], "texture": "#voxels_atlas" }
			}
		},
		{
			"__comment": "Voxels",
			"from": [ -1, 18, 6 ],
			"to": [ 17, 19, 7 ],
			"faces": {
				"down": { "uv": [ 4.625, 10.5, 6.875, 10.625 ], "texture": "#voxels_atlas" },
				"up": { "uv": [ 4.625, 11, 6.875, 10.875 ], "texture": "#voxels_atlas" },
				"north": { "uv": [ 6.875, 10.75, 4.625, 10.875 ], "texture": "#voxels_atlas" },
				"south": { "uv": [ 4.625, 10.625, 6.875, 10.75 ], "texture": "#voxels_atlas" },
				"west": { "uv": [ 2.625, 9, 2.75, 9.125 ], "texture": "#voxels_atlas" },
				"east": { "uv": [ 2.75, 8.875, 2.625, 9 ], "texture": "#voxels_atlas" }
			}
		},
		{
			"__comment": "Voxels",
			"from": [ -1, 18, 7 ],
			"to": [ 16, 19, 8 ],
			"faces": {
				"down": { "uv": [ 6.875, 15.375, 9, 15.5 ], "texture": "#voxels_atlas" },
				"up": { "uv": [ 6.875, 15.75, 9, 15.625 ], "texture": "#voxels_atlas" },
				"south": { "uv": [ 11.125, 15.625, 13.25, 15.75 ], "texture": "#voxels_atlas" },
				"west": { "uv": [ 4.5, 13.75, 4.625, 13.875 ], "texture": "#voxels_atlas" },
				"east": { "uv": [ 4.625, 13.5, 4.5, 13.625 ], "texture": "#voxels_atlas" }
			}
		},
		{
			"__comment": "Voxels",
			"from": [ -1, 18, 9 ],
			"to": [ 17, 19, 10 ],
			"faces": {
				"down": { "uv": [ 4.625, 10.25, 6.875, 10.375 ], "texture": "#voxels_atlas" },
				"up": { "uv": [ 4.625, 10.25, 6.875, 10.125 ], "texture": "#voxels_atlas" },
				"north": { "uv": [ 6.875, 10, 4.625, 10.125 ], "texture": "#voxels_atlas" },
				"south": { "uv": [ 4.625, 10.375, 6.875, 10.5 ], "texture": "#voxels_atlas" },
				"west": { "uv": [ 4.5, 11.125, 4.625, 11.25 ], "texture": "#voxels_atlas" },
				"east": { "uv": [ 4.625, 11, 4.5, 11.125 ], "texture": "#voxels_atlas" }
			}
		},
		{
			"__comment": "Voxels",
			"from": [ -1, 19, 2 ],
			"to": [ 16, 21, 3 ],
			"faces": {
				"down": { "uv": [ 13.25, 15.375, 15.375, 15.5 ], "texture": "#voxels_atlas" },
				"up": { "uv": [ 6.875, 15.375, 9, 15.25 ], "texture": "#voxels_atlas" },
				"north": { "uv": [ 6.75, 14.75, 4.625, 15 ], "texture": "#voxels_atlas" },
				"south": { "uv": [ 4.625, 15.25, 6.75, 15.5 ], "texture": "#voxels_atlas" },
				"west": { "uv": [ 3, 9, 3.125, 9.25 ], "texture": "#voxels_atlas" },
				"east": { "uv": [ 4.625, 11.75, 4.5, 12 ], "texture": "#voxels_atlas" }
			}
		},
		{
			"__comment": "Voxels",
			"from": [ -1, 19, 4 ],
			"to": [ 16, 20, 5 ],
			"faces": {
				"down": { "uv": [ 6.875, 15.125, 9, 15.25 ], "texture": "#voxels_atlas" },
				"up": { "uv": [ 9, 15.25, 11.125, 15.125 ], "texture": "#voxels_atlas" },
				"north": { "uv": [ 6.75, 9, 4.625, 9.125 ], "texture": "#voxels_atlas" },
				"south": { "uv": [ 4.625, 9.875, 6.75, 10 ], "texture": "#voxels_atlas" },
				"west": { "uv": [ 4.5, 10.375, 4.625, 10.5 ], "texture": "#voxels_atlas" },
				"east": { "uv": [ 4.625, 10.25, 4.5, 10.375 ], "texture": "#voxels_atlas" }
			}
		},
		{
			"__comment": "Voxels",
			"from": [ -1, 20, 3 ],
			"to": [ 16, 21, 4 ],
			"faces": {
				"down": { "uv": [ 4.625, 8.875, 6.75, 9 ], "texture": "#voxels_atlas" },
				"up": { "uv": [ 4.625, 8.875, 6.75, 8.75 ], "texture": "#voxels_atlas" },
				"south": { "uv": [ 4.625, 8.5, 6.75, 8.625 ], "texture": "#voxels_atlas" },
				"west": { "uv": [ 4.5, 10.125, 4.625, 10.25 ], "texture": "#voxels_atlas" },
				"east": { "uv": [ 4.625, 10, 4.5, 10.125 ], "texture": "#voxels_atlas" }
			}
		},
		{
			"__comment": "Voxels",
			"from": [ -1, 20, 5 ],
			"to": [ 16, 21, 7 ],
			"faces": {
				"down": { "uv": [ 4.625, 14.5, 6.75, 14.75 ], "texture": "#voxels_atlas" },
				"up": { "uv": [ 4.625, 15.25, 6.75, 15 ], "texture": "#voxels_atlas" },
				"north": { "uv": [ 6.75, 8.375, 4.625, 8.5 ], "texture": "#voxels_atlas" },
				"south": { "uv": [ 4.625, 8.25, 6.75, 8.375 ], "texture": "#voxels_atlas" },
				"west": { "uv": [ 3.125, 9.375, 3.375, 9.5 ], "texture": "#voxels_atlas" },
				"east": { "uv": [ 3.625, 9.375, 3.375, 9.5 ], "texture": "#voxels_atlas" }
			}
		},
		{
			"__comment": "Voxels",
			"from": [ -1, 21, 2 ],
			"to": [ 0, 22, 8 ],
			"faces": {
				"down": { "uv": [ 2.5, 8.125, 2.625, 8.875 ], "texture": "#voxels_atlas" },
				"up": { "uv": [ 2.625, 8.875, 2.75, 8.125 ], "texture": "#voxels_atlas" },
				"north": { "uv": [ 4.625, 9.875, 4.5, 10 ], "texture": "#voxels_atlas" },
				"south": { "uv": [ 4.5, 9.75, 4.625, 9.875 ], "texture": "#voxels_atlas" },
				"west": { "uv": [ 2, 10.5, 2.75, 10.625 ], "texture": "#voxels_atlas" },
				"east": { "uv": [ 2.75, 10.375, 2, 10.5 ], "texture": "#voxels_atlas" }
			}
		},
		{
			"__comment": "Voxels",
			"from": [ -1, 22, 3 ],
			"to": [ 0, 23, 4 ],
			"faces": {
				"up": { "uv": [ 4.5, 9.625, 4.625, 9.5 ], "texture": "#voxels_atlas" },
				"north": { "uv": [ 3, 8, 2.875, 8.125 ], "texture": "#voxels_atlas" },
				"south": { "uv": [ 4.375, 9.25, 4.5, 9.375 ], "texture": "#voxels_atlas" },
				"west": { "uv": [ 4.5, 9.25, 4.625, 9.375 ], "texture": "#voxels_atlas" },
				"east": { "uv": [ 3.25, 8.125, 3.125, 8.25 ], "texture": "#voxels_atlas" }
			}
		},
		{
			"__comment": "Voxels",
			"from": [ -1, 22, 6 ],
			"to": [ 0, 23, 7 ],
			"faces": {
				"up": { "uv": [ 3.25, 9.25, 3.375, 9.125 ], "texture": "#voxels_atlas" },
				"north": { "uv": [ 3.375, 9, 3.25, 9.125 ], "texture": "#voxels_atlas" },
				"south": { "uv": [ 3.25, 8.875, 3.375, 9 ], "texture": "#voxels_atlas" },
				"west": { "uv": [ 3.25, 8.75, 3.375, 8.875 ], "texture": "#voxels_atlas" },
				"east": { "uv": [ 3.375, 8.625, 3.25, 8.75 ], "texture": "#voxels_atlas" }
			}
		},
		{
			"__comment": "Voxels",
			"from": [ 0, 17, 0 ],
			"to": [ 16, 21, 1 ],
			"faces": {
				"up": { "uv": [ 6.875, 13.875, 8.875, 13.75 ], "texture": "#voxels_atlas" },
				"north": { "uv": [ 2, 10.125, 0, 10.625 ], "texture": "#voxels_atlas" },
				"south": { "uv": [ 0, 9.625, 2, 10.125 ], "texture": "#voxels_atlas" },
				"west": { "uv": [ 4.5, 14.75, 4.625, 15.25 ], "texture": "#voxels_atlas" },
				"east": { "uv": [ 4.625, 14.25, 4.5, 14.75 ], "texture": "#voxels_atlas" }
			}
		},
		{
			"__comment": "Voxels",
			"from": [ 0, 17, 3 ],
			"to": [ 2, 18, 4 ],
			"faces": {
				"west": { "uv": [ 3.625, 9.125, 3.75, 9.25 ], "texture": "#voxels_atlas" },
				"east": { "uv": [ 3.625, 9.125, 3.5, 9.25 ], "texture": "#voxels_atlas" }
			}
		},
		{
			"__comment": "Voxels",
			"from": [ 0, 17, 6 ],
			"to": [ 2, 18, 8 ],
			"faces": {
				"up": { "uv": [ 2.5, 11.625, 2.75, 11.375 ], "texture": "#voxels_atlas" },
				"west": { "uv": [ 3.875, 9.375, 4.125, 9.5 ], "texture": "#voxels_atlas" },
				"east": { "uv": [ 4.625, 11.25, 4.375, 11.375 ], "texture": "#voxels_atlas" }
			}
		},
		{
			"__comment": "Voxels",
			"from": [ 0, 17, 9 ],
			"to": [ 2, 18, 16 ],
			"faces": {
				"up": { "uv": [ 2.25, 8.875, 2.5, 8 ], "texture": "#voxels_atlas" },
				"south": { "uv": [ 3.875, 9.25, 4.125, 9.375 ], "texture": "#voxels_atlas" },
				"west": { "uv": [ 1.875, 12.875, 2.75, 13 ], "texture": "#voxels_atlas" },
				"east": { "uv": [ 2.75, 13, 1.875, 13.125 ], "texture": "#voxels_atlas" }
			}
		},
		{
			"__comment": "Voxels",
			"from": [ 0, 18, 2 ],
			"to": [ 16, 19, 3 ],
			"faces": {
				"down": { "uv": [ 6.875, 13.625, 8.875, 13.75 ], "texture": "#voxels_atlas" },
				"west": { "uv": [ 3.25, 8.375, 3.375, 8.5 ], "texture": "#voxels_atlas" },
				"east": { "uv": [ 3.375, 8.5, 3.25, 8.625 ], "texture": "#voxels_atlas" }
			}
		},
		{
			"__comment": "Voxels",
			"from": [ 0, 18, 4 ],
			"to": [ 16, 19, 6 ],
			"faces": {
				"down": { "uv": [ 4.625, 11.5, 6.625, 11.75 ], "texture": "#voxels_atlas" },
				"up": { "uv": [ 4.625, 11.5, 6.625, 11.25 ], "texture": "#voxels_atlas" },
				"west": { "uv": [ 4.25, 9.75, 4.5, 9.875 ], "texture": "#voxels_atlas" },
				"east": { "uv": [ 4.5, 11, 4.25, 11.125 ], "texture": "#voxels_atlas" }
			}
		},
		{
			"__comment": "Voxels",
			"from": [ 0, 18, 10 ],
			"to": [ 17, 19, 11 ],
			"faces": {
				"down": { "uv": [ 4.625, 8, 6.75, 8.125 ], "texture": "#voxels_atlas" },
				"up": { "uv": [ 13.25, 15.625, 15.375, 15.5 ], "texture": "#voxels_atlas" },
				"south": { "uv": [ 4.625, 8.125, 6.75, 8.25 ], "texture": "#voxels_atlas" },
				"west": { "uv": [ 3.25, 8.125, 3.375, 8.25 ], "texture": "#voxels_atlas" },
				"east": { "uv": [ 3.375, 8.25, 3.25, 8.375 ], "texture": "#voxels_atlas" }
			}
		},
		{
			"__comment": "Voxels",
			"from": [ 0, 18, 11 ],
			"to": [ 16, 21, 16 ],
			"faces": {
				"down": { "uv": [ 0, 12.25, 2, 12.875 ], "texture": "#voxels_atlas" },
				"up": { "uv": [ 0, 12.25, 2, 11.625 ], "texture": "#voxels_atlas" },
				"north": { "uv": [ 2, 8.125, 0, 8.5 ], "texture": "#voxels_atlas" },
				"south": { "uv": [ 0, 8.5, 2, 8.875 ], "texture": "#voxels_atlas" },
				"west": { "uv": [ 1.875, 13.125, 2.5, 13.5 ], "texture": "#voxels_atlas" },
				"east": { "uv": [ 1.875, 13.125, 1.25, 13.5 ], "texture": "#voxels_atlas" }
			}
		},
		{
			"__comment": "Voxels",
			"from": [ 0, 19, 1 ],
			"to": [ 16, 21, 2 ],
			"faces": {
				"up": { "uv": [ 6.875, 13.125, 8.875, 13 ], "texture": "#voxels_atlas" },
				"west": { "uv": [ 3.125, 8.75, 3.25, 9 ], "texture": "#voxels_atlas" },
				"east": { "uv": [ 3.25, 8.5, 3.125, 8.75 ], "texture": "#voxels_atlas" }
			}
		},
		{
			"__comment": "Voxels",
			"from": [ 0, 19, 3 ],
			"to": [ 16, 20, 4 ],
			"faces": {
				"west": { "uv": [ 3.75, 8.875, 3.875, 9 ], "texture": "#voxels_atlas" },
				"east": { "uv": [ 3.75, 8.875, 3.625, 9 ], "texture": "#voxels_atlas" }
			}
		},
		{
			"__comment": "Voxels",
			"from": [ 0, 19, 5 ],
			"to": [ 17, 20, 6 ],
			"faces": {
				"down": { "uv": [ 9, 15.25, 11.125, 15.375 ], "texture": "#voxels_atlas" },
				"up": { "uv": [ 11.125, 15.5, 13.25, 15.375 ], "texture": "#voxels_atlas" },
				"north": { "uv": [ 9, 15.5, 6.875, 15.625 ], "texture": "#voxels_atlas" },
				"south": { "uv": [ 13.25, 15.625, 15.375, 15.75 ], "texture": "#voxels_atlas" },
				"west": { "uv": [ 4, 9.125, 4.125, 9.25 ], "texture": "#voxels_atlas" },
				"east": { "uv": [ 4, 9.125, 3.875, 9.25 ], "texture": "#voxels_atlas" }
			}
		},
		{
			"__comment": "Voxels",
			"from": [ 0, 19, 6 ],
			"to": [ 16, 20, 8 ],
			"faces": {
				"down": { "uv": [ 4.625, 11.75, 6.625, 12 ], "texture": "#voxels_atlas" },
				"up": { "uv": [ 4.625, 12.5, 6.625, 12.25 ], "texture": "#voxels_atlas" },
				"south": { "uv": [ 6.875, 12.25, 8.875, 12.375 ], "texture": "#voxels_atlas" },
				"west": { "uv": [ 4.25, 9.625, 4.5, 9.75 ], "texture": "#voxels_atlas" },
				"east": { "uv": [ 4.375, 9.375, 4.125, 9.5 ], "texture": "#voxels_atlas" }
			}
		},
		{
			"__comment": "Voxels",
			"from": [ 0, 19, 9 ],
			"to": [ 16, 21, 11 ],
			"faces": {
				"down": { "uv": [ 4.625, 12.75, 6.625, 13 ], "texture": "#voxels_atlas" },
				"up": { "uv": [ 4.625, 13.25, 6.625, 13 ], "texture": "#voxels_atlas" },
				"north": { "uv": [ 6.625, 12, 4.625, 12.25 ], "texture": "#voxels_atlas" },
				"west": { "uv": [ 2.5, 11.125, 2.75, 11.375 ], "texture": "#voxels_atlas" },
				"east": { "uv": [ 2.75, 10.875, 2.5, 11.125 ], "texture": "#voxels_atlas" }
			}
		},
		{
			"__comment": "Voxels",
			"from": [ 0, 20, 4 ],
			"to": [ 16, 21, 5 ],
			"faces": {
				"up": { "uv": [ 11.125, 15.25, 13.125, 15.125 ], "texture": "#voxels_atlas" },
				"west": { "uv": [ 3.75, 9.125, 3.875, 9.25 ], "texture": "#voxels_atlas" },
				"east": { "uv": [ 4.25, 9.125, 4.125, 9.25 ], "texture": "#voxels_atlas" }
			}
		},
		{
			"__comment": "Voxels",
			"from": [ 0, 20, 7 ],
			"to": [ 16, 21, 9 ],
			"faces": {
				"down": { "uv": [ 4.625, 12.5, 6.625, 12.75 ], "texture": "#voxels_atlas" },
				"up": { "uv": [ 4.625, 13.75, 6.625, 13.5 ], "texture": "#voxels_atlas" },
				"west": { "uv": [ 3.625, 9.375, 3.875, 9.5 ], "texture": "#voxels_atlas" },
				"east": { "uv": [ 4.5, 9.5, 4.25, 9.625 ], "texture": "#voxels_atlas" }
			}
		},
		{
			"__comment": "Voxels",
			"from": [ 2, 14, 14 ],
			"to": [ 19, 15, 18 ],
			"faces": {
				"down": { "uv": [ 0, 10.625, 2.125, 11.125 ], "texture": "#voxels_atlas" },
				"up": { "uv": [ 0, 11.625, 2.125, 11.125 ], "texture": "#voxels_atlas" },
				"north": { "uv": [ 11.125, 15.5, 9, 15.625 ], "texture": "#voxels_atlas" },
				"south": { "uv": [ 13.25, 15.25, 15.375, 15.375 ], "texture": "#voxels_atlas" },
				"east": { "uv": [ 2.75, 9.75, 2.25, 9.875 ], "texture": "#voxels_atlas" }
			}
		},
		{
			"__comment": "Voxels",
			"from": [ 2, 14, 18 ],
			"to": [ 18, 15, 19 ],
			"faces": {
				"down": { "uv": [ 6.875, 14.625, 8.875, 14.75 ], "texture": "#voxels_atlas" },
				"up": { "uv": [ 6.875, 14.625, 8.875, 14.5 ], "texture": "#voxels_atlas" },
				"south": { "uv": [ 6.875, 14.25, 8.875, 14.375 ], "texture": "#voxels_atlas" },
				"east": { "uv": [ 3.625, 8.375, 3.5, 8.5 ], "texture": "#voxels_atlas" }
			}
		},
		{
			"__comment": "Voxels",
			"from": [ 2, 15, 14 ],
			"to": [ 17, 18, 15 ],
			"faces": {
				"up": { "uv": [ 2.75, 10.75, 4.625, 10.625 ], "texture": "#voxels_atlas" },
				"north": { "uv": [ 4.625, 15.25, 2.75, 15.625 ], "texture": "#voxels_atlas" },
				"south": { "uv": [ 2.75, 15.625, 4.625, 16 ], "texture": "#voxels_atlas" },
				"west": { "uv": [ 2.875, 9.125, 3, 9.5 ], "texture": "#voxels_atlas" },
				"east": { "uv": [ 3, 8.75, 2.875, 9.125 ], "texture": "#voxels_atlas" }
			}
		},
		{
			"__comment": "Voxels",
			"from": [ 2, 15, 15 ],
			"to": [ 17, 17, 17 ],
			"faces": {
				"up": { "uv": [ 2.75, 13.5, 4.625, 13.25 ], "texture": "#voxels_atlas" },
				"south": { "uv": [ 2.75, 12.25, 4.625, 12.5 ], "texture": "#voxels_atlas" },
				"east": { "uv": [ 2.25, 9.625, 2, 9.875 ], "texture": "#voxels_atlas" }
			}
		},
		{
			"__comment": "Voxels",
			"from": [ 2, 17, 15 ],
			"to": [ 16, 18, 16 ],
			"faces": {
				"south": { "uv": [ 2.75, 10.375, 4.5, 10.5 ], "texture": "#voxels_atlas" },
				"east": { "uv": [ 3.5, 9.125, 3.375, 9.25 ], "texture": "#voxels_atlas" }
			}
		},
		{
			"__comment": "Voxels",
			"from": [ 2, 18, 8 ],
			"to": [ 17, 20, 9 ],
			"faces": {
				"down": { "uv": [ 2.75, 10.75, 4.625, 10.875 ], "texture": "#voxels_atlas" },
				"up": { "uv": [ 2.75, 11, 4.625, 10.875 ], "texture": "#voxels_atlas" },
				"north": { "uv": [ 4.625, 12.75, 2.75, 13 ], "texture": "#voxels_atlas" },
				"south": { "uv": [ 2.75, 13, 4.625, 13.25 ], "texture": "#voxels_atlas" },
				"east": { "uv": [ 3.125, 8.75, 3, 9 ], "texture": "#voxels_atlas" }
			}
		},
		{
			"__comment": "Voxels",
			"from": [ 14, 14, 2 ],
			"to": [ 19, 15, 14 ],
			"faces": {
				"down": { "uv": [ 1.25, 13.5, 1.875, 15 ], "texture": "#voxels_atlas" },
				"up": { "uv": [ 1.875, 15, 2.5, 13.5 ], "texture": "#voxels_atlas" },
				"west": { "uv": [ 2.75, 9.5, 4.25, 9.625 ], "texture": "#voxels_atlas" },
				"east": { "uv": [ 4.25, 9.625, 2.75, 9.75 ], "texture": "#voxels_atlas" }
			}
		},
		{
			"__comment": "Voxels",
			"from": [ 14, 15, 2 ],
			"to": [ 17, 17, 14 ],
			"faces": {
				"up": { "uv": [ 3.5, 15.25, 3.875, 13.75 ], "texture": "#voxels_atlas" },
				"west": { "uv": [ 2.75, 11, 4.25, 11.25 ], "texture": "#voxels_atlas" },
				"east": { "uv": [ 4.25, 11.25, 2.75, 11.5 ], "texture": "#voxels_atlas" }
			}
		},
		{
			"__comment": "Voxels",
			"from": [ 14, 17, 2 ],
			"to": [ 16, 18, 14 ],
			"faces": {
				"up": { "uv": [ 2.5, 15, 2.75, 13.5 ], "texture": "#voxels_atlas" },
				"west": { "uv": [ 2.75, 9.875, 4.25, 10 ], "texture": "#voxels_atlas" },
				"east": { "uv": [ 4.25, 9.75, 2.75, 9.875 ], "texture": "#voxels_atlas" }
			}
		},
		{
			"__comment": "Voxels",
			"from": [ 16, 17, 7 ],
			"to": [ 17, 18, 8 ],
			"faces": {
				"up": { "uv": [ 4.25, 9.125, 4.375, 9 ], "texture": "#voxels_atlas" },
				"north": { "uv": [ 4.625, 8.875, 4.5, 9 ], "texture": "#voxels_atlas" },
				"south": { "uv": [ 4.25, 9.125, 4.375, 9.25 ], "texture": "#voxels_atlas" },
				"east": { "uv": [ 4.125, 9, 4, 9.125 ], "texture": "#voxels_atlas" }
			}
		},
		{
			"__comment": "Voxels",
			"from": [ 16, 17, 10 ],
			"to": [ 17, 18, 12 ],
			"faces": {
				"up": { "uv": [ 4.5, 11.75, 4.625, 11.5 ], "texture": "#voxels_atlas" },
				"north": { "uv": [ 4.375, 8.875, 4.25, 9 ], "texture": "#voxels_atlas" },
				"south": { "uv": [ 4.375, 8.875, 4.5, 9 ], "texture": "#voxels_atlas" },
				"east": { "uv": [ 2.75, 8, 2.5, 8.125 ], "texture": "#voxels_atlas" }
			}
		},
		{
			"__comment": "Voxels",
			"from": [ 16, 18, 13 ],
			"to": [ 17, 19, 14 ],
			"faces": {
				"down": { "uv": [ 4.375, 9.125, 4.5, 9.25 ], "texture": "#voxels_atlas" },
				"up": { "uv": [ 4.5, 9.25, 4.625, 9.125 ], "texture": "#voxels_atlas" },
				"north": { "uv": [ 3.5, 9, 3.375, 9.125 ], "texture": "#voxels_atlas" },
				"south": { "uv": [ 3.375, 8.875, 3.5, 9 ], "texture": "#voxels_atlas" },
				"east": { "uv": [ 3.5, 8.625, 3.375, 8.75 ], "texture": "#voxels_atlas" }
			}
		},
		{
			"__comment": "Voxels",
			"from": [ 16, 19, 7 ],
			"to": [ 17, 20, 8 ],
			"faces": {
				"down": { "uv": [ 3.375, 8.5, 3.5, 8.625 ], "texture": "#voxels_atlas" },
				"up": { "uv": [ 3.375, 8.5, 3.5, 8.375 ], "texture": "#voxels_atlas" },
				"north": { "uv": [ 3.5, 8.25, 3.375, 8.375 ], "texture": "#voxels_atlas" },
				"east": { "uv": [ 3.625, 9, 3.5, 9.125 ], "texture": "#voxels_atlas" }
			}
		},
		{
			"__comment": "Voxels",
			"from": [ 16, 19, 11 ],
			"to": [ 17, 22, 12 ],
			"faces": {
				"down": { "uv": [ 3.625, 9, 3.75, 9.125 ], "texture": "#voxels_atlas" },
				"up": { "uv": [ 3.75, 9.125, 3.875, 9 ], "texture": "#voxels_atlas" },
				"north": { "uv": [ 3, 8.375, 2.875, 8.75 ], "texture": "#voxels_atlas" },
				"south": { "uv": [ 2.25, 9.25, 2.375, 9.625 ], "texture": "#voxels_atlas" },
				"west": { "uv": [ 2.375, 9.25, 2.5, 9.625 ], "texture": "#voxels_atlas" },
				"east": { "uv": [ 4.625, 13.875, 4.5, 14.25 ], "texture": "#voxels_atlas" }
			}
		},
		{
			"__comment": "Voxels",
			"from": [ 16, 19, 12 ],
			"to": [ 17, 20, 13 ],
			"faces": {
				"down": { "uv": [ 4.375, 9, 4.5, 9.125 ], "texture": "#voxels_atlas" },
				"up": { "uv": [ 4.5, 9.125, 4.625, 9 ], "texture": "#voxels_atlas" },
				"south": { "uv": [ 3.5, 8.75, 3.625, 8.875 ], "texture": "#voxels_atlas" },
				"east": { "uv": [ 3.625, 8.5, 3.5, 8.625 ], "texture": "#voxels_atlas" }
			}
		},
		{
			"__comment": "Voxels",
			"from": [ 16, 20, 8 ],
			"to": [ 17, 21, 11 ],
			"faces": {
				"down": { "uv": [ 2.75, 9.125, 2.875, 9.5 ], "texture": "#voxels_atlas" },
				"up": { "uv": [ 2.75, 9.125, 2.875, 8.75 ], "texture": "#voxels_atlas" },
				"north": { "uv": [ 3.625, 8.125, 3.5, 8.25 ], "texture": "#voxels_atlas" },
				"west": { "uv": [ 3.875, 13.5, 4.25, 13.625 ], "texture": "#voxels_atlas" },
				"east": { "uv": [ 4.625, 13.625, 4.25, 13.75 ], "texture": "#voxels_atlas" }
			}
		},
		{
			"__comment": "Voxels",
			"from": [ 16, 20, 13 ],
			"to": [ 17, 22, 14 ],
			"faces": {
				"down": { "uv": [ 3.875, 8.875, 4, 9 ], "texture": "#voxels_atlas" },
				"up": { "uv": [ 4, 9, 4.125, 8.875 ], "texture": "#voxels_atlas" },
				"north": { "uv": [ 3.25, 9, 3.125, 9.25 ], "texture": "#voxels_atlas" },
				"south": { "uv": [ 3, 8.5, 3.125, 8.75 ], "texture": "#voxels_atlas" },
				"west": { "uv": [ 3, 8.25, 3.125, 8.5 ], "texture": "#voxels_atlas" },
				"east": { "uv": [ 3.125, 8, 3, 8.25 ], "texture": "#voxels_atlas" }
			}
		},
		{
			"__comment": "Voxels",
			"from": [ 16, 20, 14 ],
			"to": [ 17, 21, 15 ],
			"faces": {
				"down": { "uv": [ 3.625, 8.75, 3.75, 8.875 ], "texture": "#voxels_atlas" },
				"up": { "uv": [ 3.625, 8.75, 3.75, 8.625 ], "texture": "#voxels_atlas" },
				"south": { "uv": [ 3.625, 8.375, 3.75, 8.5 ], "texture": "#voxels_atlas" },
				"east": { "uv": [ 3.75, 8.125, 3.625, 8.25 ], "texture": "#voxels_atlas" }
			}
		},
		{
			"__comment": "Voxels",
			"from": [ 16, 21, 7 ],
			"to": [ 17, 22, 8 ],
			"faces": {
				"down": { "uv": [ 3.625, 8, 3.75, 8.125 ], "texture": "#voxels_atlas" },
				"up": { "uv": [ 3.75, 8.875, 3.875, 8.75 ], "texture": "#voxels_atlas" },
				"north": { "uv": [ 4, 8.75, 3.875, 8.875 ], "texture": "#voxels_atlas" },
				"south": { "uv": [ 4, 8.75, 4.125, 8.875 ], "texture": "#voxels_atlas" },
				"west": { "uv": [ 4.125, 8.75, 4.25, 8.875 ], "texture": "#voxels_atlas" },
				"east": { "uv": [ 4.375, 8.75, 4.25, 8.875 ], "texture": "#voxels_atlas" }
			}
		}
	],
	"display": {
		"head": {
			"rotation":  [ 0, 0, 0 ],
			"translation":  [ 0, -5, 0 ],
			"scale":  [ 1, 1, 1 ]
		}
	}
}