{
	"__comment": "Designed by XeKr with Cubik Studio - https://cubik.studio",
	"textures": {
		"particle": "craftingpp:mob/forester",
		"texture": "craftingpp:mob/forester"
	},
	"elements": [ 	 
		{
			"__comment": "Voxels",
			"from": [ 0, -4, 0 ],
			"to": [ 2, 16, 1 ],
			"faces": {
				"down": { "uv": [ 3.125, 8.875, 3.375, 9 ], "texture": "#texture" },
				"up": { "uv": [ 3.5, 11.375, 3.75, 11.25 ], "texture": "#texture" },
				"north": { "uv": [ 0.25, 6.375, 0, 8.875 ], "texture": "#texture" },
				"south": { "uv": [ 0, 3.875, 0.25, 6.375 ], "texture": "#texture" },
				"west": { "uv": [ 0, 1.375, 0.125, 3.875 ], "texture": "#texture" },
				"east": { "uv": [ 0.25, 1.375, 0.125, 3.875 ], "texture": "#texture" }
			}
		},
		{
			"__comment": "Voxels",
			"from": [ 0, -4, 1 ],
			"to": [ 2, -3, 11 ],
			"faces": {
				"down": { "uv": [ 5.5, 9.625, 5.75, 10.875 ], "texture": "#texture" },
				"up": { "uv": [ 6, 10.875, 6.25, 9.625 ], "texture": "#texture" },
				"north": { "uv": [ 3.75, 11.125, 3.5, 11.25 ], "texture": "#texture" },
				"south": { "uv": [ 5.5, 11.375, 5.75, 11.5 ], "texture": "#texture" },
				"west": { "uv": [ 1.75, 12.375, 3, 12.5 ], "texture": "#texture" },
				"east": { "uv": [ 4.625, 12.375, 3.375, 12.5 ], "texture": "#texture" }
			}
		},
		{
			"__comment": "Voxels",
			"from": [ 0, -3, 10 ],
			"to": [ 2, 5, 11 ],
			"faces": {
				"down": { "uv": [ 5.5, 11.25, 5.75, 11.375 ], "texture": "#texture" },
				"up": { "uv": [ 5.5, 11.25, 5.75, 11.125 ], "texture": "#texture" },
				"north": { "uv": [ 4, 9, 3.75, 10 ], "texture": "#texture" },
				"south": { "uv": [ 3.5, 9, 3.75, 10 ], "texture": "#texture" },
				"west": { "uv": [ 1, 7.625, 1.125, 8.625 ], "texture": "#texture" },
				"east": { "uv": [ 1.25, 7.625, 1.125, 8.625 ], "texture": "#texture" }
			}
		},
		{
			"__comment": "Voxels",
			"from": [ 0, -2, 2 ],
			"to": [ 2, 16, 9 ],
			"faces": {
				"down": { "uv": [ 6.5, 9.125, 6.75, 10 ], "texture": "#texture" },
				"up": { "uv": [ 6.75, 10.875, 7, 10 ], "texture": "#texture" },
				"north": { "uv": [ 4.5, 8.875, 4.25, 11.125 ], "texture": "#texture" },
				"south": { "uv": [ 4.5, 8.875, 4.75, 11.125 ], "texture": "#texture" },
				"west": { "uv": [ 0, 8.875, 0.875, 11.125 ], "texture": "#texture" },
				"east": { "uv": [ 1.75, 8.875, 0.875, 11.125 ], "texture": "#texture" }
			}
		},
		{
			"__comment": "Voxels",
			"from": [ 0, 4, 11 ],
			"to": [ 2, 5, 16 ],
			"faces": {
				"down": { "uv": [ 5.25, 9, 5.5, 9.625 ], "texture": "#texture" },
				"up": { "uv": [ 5.5, 9.625, 5.75, 9 ], "texture": "#texture" },
				"north": { "uv": [ 3.75, 11.375, 3.5, 11.5 ], "texture": "#texture" },
				"south": { "uv": [ 2.875, 8.875, 3.125, 9 ], "texture": "#texture" },
				"west": { "uv": [ 1.75, 8.875, 2.375, 9 ], "texture": "#texture" },
				"east": { "uv": [ 7.375, 12.375, 6.75, 12.5 ], "texture": "#texture" }
			}
		},
		{
			"__comment": "Voxels",
			"from": [ 0, 6, 9 ],
			"to": [ 2, 16, 16 ],
			"faces": {
				"down": { "uv": [ 4, 9.125, 4.25, 10 ], "texture": "#texture" },
				"up": { "uv": [ 6.25, 10.875, 6.5, 10 ], "texture": "#texture" },
				"north": { "uv": [ 7.625, 11.125, 7.375, 12.375 ], "texture": "#texture" },
				"south": { "uv": [ 7.625, 11.125, 7.875, 12.375 ], "texture": "#texture" },
				"west": { "uv": [ 5.75, 11.125, 6.625, 12.375 ], "texture": "#texture" },
				"east": { "uv": [ 7.625, 12.625, 6.75, 13.875 ], "texture": "#texture" }
			}
		},
		{
			"__comment": "Voxels",
			"from": [ 0, 9, -2 ],
			"to": [ 16, 16, 0 ],
			"faces": {
				"down": { "uv": [ 5.75, 14.25, 7.75, 14.5 ], "texture": "#texture" },
				"up": { "uv": [ 5.75, 14.25, 7.75, 14 ], "texture": "#texture" },
				"north": { "uv": [ 3.75, 11.5, 1.75, 12.375 ], "texture": "#texture" },
				"south": { "uv": [ 3.75, 11.5, 5.75, 12.375 ], "texture": "#texture" },
				"west": { "uv": [ 6.25, 9.125, 6.5, 10 ], "texture": "#texture" },
				"east": { "uv": [ 6.75, 10, 6.5, 10.875 ], "texture": "#texture" }
			}
		},
		{
			"__comment": "Voxels",
			"from": [ 1, -3, 1 ],
			"to": [ 2, 15, 2 ],
			"faces": {
				"down": { "uv": [ 3.75, 8.875, 3.875, 9 ], "texture": "#texture" },
				"up": { "uv": [ 3.625, 9, 3.75, 8.875 ], "texture": "#texture" },
				"north": { "uv": [ 0.375, 2.125, 0.25, 4.375 ], "texture": "#texture" },
				"south": { "uv": [ 0.375, 6.625, 0.5, 8.875 ], "texture": "#texture" },
				"west": { "uv": [ 0.375, 4.375, 0.5, 6.625 ], "texture": "#texture" },
				"east": { "uv": [ 0.5, 2.125, 0.375, 4.375 ], "texture": "#texture" }
			}
		},
		{
			"__comment": "Voxels",
			"from": [ 1, -3, 2 ],
			"to": [ 2, -2, 10 ],
			"faces": {
				"down": { "uv": [ 2.375, 7.625, 2.5, 8.625 ], "texture": "#texture" },
				"up": { "uv": [ 2.25, 8.625, 2.375, 7.625 ], "texture": "#texture" },
				"north": { "uv": [ 5.75, 13.875, 5.625, 14 ], "texture": "#texture" },
				"south": { "uv": [ 5.625, 14, 5.75, 14.125 ], "texture": "#texture" },
				"west": { "uv": [ 7, 10.875, 8, 11 ], "texture": "#texture" },
				"east": { "uv": [ 8, 11, 7, 11.125 ], "texture": "#texture" }
			}
		},
		{
			"__comment": "Voxels",
			"from": [ 1, -2, 9 ],
			"to": [ 2, 6, 10 ],
			"faces": {
				"down": { "uv": [ 7.875, 12.5, 8, 12.625 ], "texture": "#texture" },
				"up": { "uv": [ 7.875, 12.75, 8, 12.625 ], "texture": "#texture" },
				"north": { "uv": [ 1.75, 7.625, 1.625, 8.625 ], "texture": "#texture" },
				"south": { "uv": [ 1.5, 7.625, 1.625, 8.625 ], "texture": "#texture" },
				"west": { "uv": [ 1.25, 7.625, 1.375, 8.625 ], "texture": "#texture" },
				"east": { "uv": [ 1.5, 7.625, 1.375, 8.625 ], "texture": "#texture" }
			}
		},
		{
			"__comment": "Voxels",
			"from": [ 1, 5, 10 ],
			"to": [ 2, 6, 15 ],
			"faces": {
				"down": { "uv": [ 6.125, 9, 6.25, 9.625 ], "texture": "#texture" },
				"up": { "uv": [ 6, 9.625, 6.125, 9 ], "texture": "#texture" },
				"north": { "uv": [ 3.625, 8.875, 3.5, 9 ], "texture": "#texture" },
				"south": { "uv": [ 3.375, 8.875, 3.5, 9 ], "texture": "#texture" },
				"west": { "uv": [ 6.75, 12.5, 7.375, 12.625 ], "texture": "#texture" },
				"east": { "uv": [ 7.25, 11.125, 6.625, 11.25 ], "texture": "#texture" }
			}
		},
		{
			"__comment": "Voxels",
			"from": [ 2, 4, 14 ],
			"to": [ 16, 5, 16 ],
			"faces": {
				"down": { "uv": [ 1.75, 11.25, 3.5, 11.5 ], "texture": "#texture" },
				"up": { "uv": [ 5, 12.625, 6.75, 12.375 ], "texture": "#texture" },
				"north": { "uv": [ 4.125, 8.75, 2.375, 8.875 ], "texture": "#texture" },
				"south": { "uv": [ 4.125, 8.75, 5.875, 8.875 ], "texture": "#texture" },
				"west": { "uv": [ 7.375, 12.5, 7.625, 12.625 ], "texture": "#texture" },
				"east": { "uv": [ 7.75, 13.875, 7.5, 14 ], "texture": "#texture" }
			}
		},
		{
			"__comment": "Voxels",
			"from": [ 2, 5, 14 ],
			"to": [ 15, 16, 15 ],
			"faces": {
				"down": { "uv": [ 4.125, 14.25, 5.75, 14.375 ], "texture": "#texture" },
				"up": { "uv": [ 2.5, 14, 4.125, 13.875 ], "texture": "#texture" },
				"north": { "uv": [ 5, 12.5, 3.375, 13.875 ], "texture": "#texture" },
				"south": { "uv": [ 1.75, 12.5, 3.375, 13.875 ], "texture": "#texture" },
				"west": { "uv": [ 0.125, 0, 0.25, 1.375 ], "texture": "#texture" },
				"east": { "uv": [ 0.125, 0, 0, 1.375 ], "texture": "#texture" }
			}
		},
		{
			"__comment": "Voxels",
			"from": [ 2, 6, 15 ],
			"to": [ 16, 16, 16 ],
			"faces": {
				"down": { "uv": [ 5.875, 8.75, 7.625, 8.875 ], "texture": "#texture" },
				"up": { "uv": [ 0.625, 8.75, 2.375, 8.625 ], "texture": "#texture" },
				"north": { "uv": [ 6.75, 12.625, 5, 13.875 ], "texture": "#texture" },
				"south": { "uv": [ 0, 11.125, 1.75, 12.375 ], "texture": "#texture" },
				"west": { "uv": [ 7.875, 11.125, 8, 12.375 ], "texture": "#texture" },
				"east": { "uv": [ 0.625, 3.375, 0.5, 4.625 ], "texture": "#texture" }
			}
		},
		{
			"__comment": "Voxels",
			"from": [ 2, 14, 0 ],
			"to": [ 16, 16, 1 ],
			"faces": {
				"down": { "uv": [ 5.75, 13.875, 7.5, 14 ], "texture": "#texture" },
				"up": { "uv": [ 1.75, 11.25, 3.5, 11.125 ], "texture": "#texture" },
				"north": { "uv": [ 7, 10.875, 5.25, 11.125 ], "texture": "#texture" },
				"south": { "uv": [ 3.75, 11.25, 5.5, 11.5 ], "texture": "#texture" },
				"west": { "uv": [ 7.75, 14.25, 7.875, 14.5 ], "texture": "#texture" },
				"east": { "uv": [ 8, 14.25, 7.875, 14.5 ], "texture": "#texture" }
			}
		},
		{
			"__comment": "Voxels",
			"from": [ 2, 14, 1 ],
			"to": [ 15, 15, 14 ],
			"faces": {
				"down": { "uv": [ 2.5, 14.375, 4.125, 16 ], "texture": "#texture" },
				"up": { "uv": [ 4.125, 16, 5.75, 14.375 ], "texture": "#texture" },
				"north": { "uv": [ 4.125, 14.25, 2.5, 14.375 ], "texture": "#texture" },
				"south": { "uv": [ 2.5, 14.125, 4.125, 14.25 ], "texture": "#texture" },
				"west": { "uv": [ 2.5, 14, 4.125, 14.125 ], "texture": "#texture" },
				"east": { "uv": [ 5.75, 14.125, 4.125, 14.25 ], "texture": "#texture" }
			}
		},
		{
			"__comment": "Voxels",
			"from": [ 2, 15, 2 ],
			"to": [ 16, 16, 14 ],
			"faces": {
				"down": { "uv": [ 0, 12.375, 1.75, 13.875 ], "texture": "#texture" },
				"up": { "uv": [ 5.75, 16, 7.5, 14.5 ], "texture": "#texture" },
				"north": { "uv": [ 5.5, 11.125, 3.75, 11.25 ], "texture": "#texture" },
				"south": { "uv": [ 0.625, 8.75, 2.375, 8.875 ], "texture": "#texture" },
				"west": { "uv": [ 4.125, 13.875, 5.625, 14 ], "texture": "#texture" },
				"east": { "uv": [ 5.625, 14, 4.125, 14.125 ], "texture": "#texture" }
			}
		},
		{
			"__comment": "Voxels",
			"from": [ 14, -4, 0 ],
			"to": [ 16, 14, 1 ],
			"faces": {
				"down": { "uv": [ 7.375, 12.375, 7.625, 12.5 ], "texture": "#texture" },
				"up": { "uv": [ 7.625, 12.75, 7.875, 12.625 ], "texture": "#texture" },
				"north": { "uv": [ 5.25, 8.875, 5, 11.125 ], "texture": "#texture" },
				"south": { "uv": [ 4.75, 8.875, 5, 11.125 ], "texture": "#texture" },
				"west": { "uv": [ 0.25, 6.625, 0.375, 8.875 ], "texture": "#texture" },
				"east": { "uv": [ 0.375, 4.375, 0.25, 6.625 ], "texture": "#texture" }
			}
		},
		{
			"__comment": "Voxels",
			"from": [ 14, -4, 1 ],
			"to": [ 16, -3, 11 ],
			"faces": {
				"down": { "uv": [ 5.25, 9.625, 5.5, 10.875 ], "texture": "#texture" },
				"up": { "uv": [ 5.75, 10.875, 6, 9.625 ], "texture": "#texture" },
				"north": { "uv": [ 7.875, 12.5, 7.625, 12.625 ], "texture": "#texture" },
				"south": { "uv": [ 7.625, 12.375, 7.875, 12.5 ], "texture": "#texture" },
				"west": { "uv": [ 6.75, 9.875, 8, 10 ], "texture": "#texture" },
				"east": { "uv": [ 8, 9.75, 6.75, 9.875 ], "texture": "#texture" }
			}
		},
		{
			"__comment": "Voxels",
			"from": [ 14, -3, 1 ],
			"to": [ 15, 14, 11 ],
			"faces": {
				"down": { "uv": [ 0.5, 2.125, 0.625, 3.375 ], "texture": "#texture" },
				"up": { "uv": [ 0.5, 2.125, 0.625, 0.875 ], "texture": "#texture" },
				"north": { "uv": [ 0.375, 0, 0.25, 2.125 ], "texture": "#texture" },
				"south": { "uv": [ 0.375, 0, 0.5, 2.125 ], "texture": "#texture" },
				"west": { "uv": [ 1.25, 13.875, 2.5, 16 ], "texture": "#texture" },
				"east": { "uv": [ 1.25, 13.875, 0, 16 ], "texture": "#texture" }
			}
		},
		{
			"__comment": "Voxels",
			"from": [ 14, 4, 11 ],
			"to": [ 16, 5, 14 ],
			"faces": {
				"down": { "uv": [ 7.5, 14.5, 7.75, 14.875 ], "texture": "#texture" },
				"up": { "uv": [ 7.75, 14.875, 8, 14.5 ], "texture": "#texture" },
				"north": { "uv": [ 2.625, 8.875, 2.375, 9 ], "texture": "#texture" },
				"south": { "uv": [ 2.625, 8.875, 2.875, 9 ], "texture": "#texture" },
				"west": { "uv": [ 3, 12.375, 3.375, 12.5 ], "texture": "#texture" },
				"east": { "uv": [ 5, 12.375, 4.625, 12.5 ], "texture": "#texture" }
			}
		},
		{
			"__comment": "Voxels",
			"from": [ 14, 5, 11 ],
			"to": [ 15, 14, 14 ],
			"faces": {
				"down": { "uv": [ 7.75, 13.875, 7.875, 14.25 ], "texture": "#texture" },
				"up": { "uv": [ 7.875, 14.25, 8, 13.875 ], "texture": "#texture" },
				"north": { "uv": [ 1, 7.5, 0.875, 8.625 ], "texture": "#texture" },
				"south": { "uv": [ 0.75, 7.5, 0.875, 8.625 ], "texture": "#texture" },
				"west": { "uv": [ 7.5, 14.875, 7.875, 16 ], "texture": "#texture" },
				"east": { "uv": [ 8, 12.75, 7.625, 13.875 ], "texture": "#texture" }
			}
		},
		{
			"__comment": "Voxels",
			"from": [ 15, -3, 10 ],
			"to": [ 16, 5, 11 ],
			"faces": {
				"down": { "uv": [ 7.25, 11.125, 7.375, 11.25 ], "texture": "#texture" },
				"up": { "uv": [ 7.875, 12.5, 8, 12.375 ], "texture": "#texture" },
				"north": { "uv": [ 1.875, 7.625, 1.75, 8.625 ], "texture": "#texture" },
				"south": { "uv": [ 1.875, 7.625, 2, 8.625 ], "texture": "#texture" },
				"west": { "uv": [ 2, 7.625, 2.125, 8.625 ], "texture": "#texture" },
				"east": { "uv": [ 2.25, 7.625, 2.125, 8.625 ], "texture": "#texture" }
			}
		},
		{
			"__comment": "Voxels",
			"from": [ 15, -2, 2 ],
			"to": [ 16, 15, 9 ],
			"faces": {
				"down": { "uv": [ 7.125, 10, 7.25, 10.875 ], "texture": "#texture" },
				"up": { "uv": [ 7, 10.875, 7.125, 10 ], "texture": "#texture" },
				"north": { "uv": [ 0.625, 4.625, 0.5, 6.75 ], "texture": "#texture" },
				"south": { "uv": [ 0.5, 6.75, 0.625, 8.875 ], "texture": "#texture" },
				"west": { "uv": [ 1.75, 9, 2.625, 11.125 ], "texture": "#texture" },
				"east": { "uv": [ 3.5, 9, 2.625, 11.125 ], "texture": "#texture" }
			}
		},
		{
			"__comment": "Voxels",
			"from": [ 15, 6, 9 ],
			"to": [ 16, 15, 15 ],
			"faces": {
				"down": { "uv": [ 5.75, 8.875, 5.875, 9.625 ], "texture": "#texture" },
				"up": { "uv": [ 5.875, 9.625, 6, 8.875 ], "texture": "#texture" },
				"north": { "uv": [ 8, 14.875, 7.875, 16 ], "texture": "#texture" },
				"south": { "uv": [ 0.625, 7.5, 0.75, 8.625 ], "texture": "#texture" },
				"west": { "uv": [ 6.625, 11.25, 7.375, 12.375 ], "texture": "#texture" },
				"east": { "uv": [ 4.25, 10, 3.5, 11.125 ], "texture": "#texture" }
			}
		},
		{
			"__comment": "Voxels",
			"from": [ 15, 15, 14 ],
			"to": [ 16, 16, 15 ],
			"faces": {
				"down": { "uv": [ 3.875, 8.875, 4, 9 ], "texture": "#texture" },
				"up": { "uv": [ 4, 9.125, 4.125, 9 ], "texture": "#texture" },
				"north": { "uv": [ 4.25, 9, 4.125, 9.125 ], "texture": "#texture" },
				"south": { "uv": [ 4, 8.875, 4.125, 9 ], "texture": "#texture" },
				"west": { "uv": [ 4.125, 8.875, 4.25, 9 ], "texture": "#texture" },
				"east": { "uv": [ 5.375, 8.875, 5.25, 9 ], "texture": "#texture" }
			}
		}
	]
}