{
	"__comment": "Designed by XeKr with Cubik Studio - https://cubik.studio",
	"textures": {
		"particle": "craftingpp:mob/pharmacist",
		"voxels_atlas": "craftingpp:mob/pharmacist"
	},
	"elements": [ 	 
		{
			"__comment": "Voxels",
			"from": [ -1, 4, 4 ],
			"to": [ 2, 6, 8 ],
			"faces": {
				"down": { "uv": [ 7, 6.5, 7.75, 7.5 ], "texture": "#voxels_atlas" },
				"up": { "uv": [ 7, 1, 7.75, 0 ], "texture": "#voxels_atlas" },
				"north": { "uv": [ 13, 5.75, 12.25, 6.25 ], "texture": "#voxels_atlas" },
				"south": { "uv": [ 13, 5.75, 13.75, 6.25 ], "texture": "#voxels_atlas" },
				"west": { "uv": [ 8.5, 4.25, 9.5, 4.75 ], "texture": "#voxels_atlas" },
				"east": { "uv": [ 14.5, 6.75, 13.5, 7.25 ], "texture": "#voxels_atlas" }
			}
		},
		{
			"__comment": "Voxels",
			"from": [ -1, 6, 2 ],
			"to": [ 2, 8, 4 ],
			"faces": {
				"down": { "uv": [ 13.75, 5.75, 14.5, 6.25 ], "texture": "#voxels_atlas" },
				"up": { "uv": [ 14.5, 6.25, 15.25, 5.75 ], "texture": "#voxels_atlas" },
				"north": { "uv": [ 10.75, 5.25, 10, 5.75 ], "texture": "#voxels_atlas" },
				"south": { "uv": [ 10.75, 5.25, 11.5, 5.75 ], "texture": "#voxels_atlas" },
				"west": { "uv": [ 10, 0.25, 10.5, 0.75 ], "texture": "#voxels_atlas" },
				"east": { "uv": [ 13.75, 4.75, 13.25, 5.25 ], "texture": "#voxels_atlas" }
			}
		},
		{
			"__comment": "Voxels",
			"from": [ -1, 6, 8 ],
			"to": [ 2, 8, 10 ],
			"faces": {
				"down": { "uv": [ 11.5, 5.25, 12.25, 5.75 ], "texture": "#voxels_atlas" },
				"up": { "uv": [ 12.25, 5.75, 13, 5.25 ], "texture": "#voxels_atlas" },
				"north": { "uv": [ 13.75, 5.25, 13, 5.75 ], "texture": "#voxels_atlas" },
				"south": { "uv": [ 13.75, 5.25, 14.5, 5.75 ], "texture": "#voxels_atlas" },
				"west": { "uv": [ 13.75, 4.75, 14.25, 5.25 ], "texture": "#voxels_atlas" },
				"east": { "uv": [ 11.25, 2.75, 10.75, 3.25 ], "texture": "#voxels_atlas" }
			}
		},
		{
			"__comment": "Voxels",
			"from": [ -1, 8, 0 ],
			"to": [ 2, 10, 2 ],
			"faces": {
				"down": { "uv": [ 14.5, 5.25, 15.25, 5.75 ], "texture": "#voxels_atlas" },
				"up": { "uv": [ 15.25, 5.75, 16, 5.25 ], "texture": "#voxels_atlas" },
				"north": { "uv": [ 10.75, 4.75, 10, 5.25 ], "texture": "#voxels_atlas" },
				"south": { "uv": [ 10, 4.25, 10.75, 4.75 ], "texture": "#voxels_atlas" },
				"west": { "uv": [ 13.75, 8, 14.25, 8.5 ], "texture": "#voxels_atlas" },
				"east": { "uv": [ 11.25, 2.25, 10.75, 2.75 ], "texture": "#voxels_atlas" }
			}
		},
		{
			"__comment": "Voxels",
			"from": [ -1, 8, 10 ],
			"to": [ 2, 10, 16 ],
			"faces": {
				"down": { "uv": [ 7, 7.5, 7.75, 9 ], "texture": "#voxels_atlas" },
				"up": { "uv": [ 2.5, 1.5, 3.25, 0 ], "texture": "#voxels_atlas" },
				"north": { "uv": [ 10.75, 3.75, 10, 4.25 ], "texture": "#voxels_atlas" },
				"south": { "uv": [ 10, 3.25, 10.75, 3.75 ], "texture": "#voxels_atlas" },
				"west": { "uv": [ 13.5, 9, 15, 9.5 ], "texture": "#voxels_atlas" },
				"east": { "uv": [ 11.25, 8.5, 9.75, 9 ], "texture": "#voxels_atlas" }
			}
		},
		{
			"__comment": "Voxels",
			"from": [ 0, 6, 4 ],
			"to": [ 2, 20, 8 ],
			"faces": {
				"up": { "uv": [ 15.25, 9, 15.75, 8 ], "texture": "#voxels_atlas" },
				"north": { "uv": [ 4.5, 2.5, 4, 6 ], "texture": "#voxels_atlas" },
				"south": { "uv": [ 3.5, 2.5, 4, 6 ], "texture": "#voxels_atlas" },
				"west": { "uv": [ 3.5, 9.5, 4.5, 13 ], "texture": "#voxels_atlas" },
				"east": { "uv": [ 4.5, 6, 3.5, 9.5 ], "texture": "#voxels_atlas" }
			}
		},
		{
			"__comment": "Voxels",
			"from": [ 0, 8, -1 ],
			"to": [ 2, 12, 0 ],
			"faces": {
				"down": { "uv": [ 14.75, 7.25, 15.25, 7.5 ], "texture": "#voxels_atlas" },
				"up": { "uv": [ 14.25, 7.5, 14.75, 7.25 ], "texture": "#voxels_atlas" },
				"north": { "uv": [ 6, 0, 5.5, 1 ], "texture": "#voxels_atlas" },
				"south": { "uv": [ 5, 0, 5.5, 1 ], "texture": "#voxels_atlas" },
				"west": { "uv": [ 7.5, 2.5, 7.75, 3.5 ], "texture": "#voxels_atlas" },
				"east": { "uv": [ 3.5, 0.5, 3.25, 1.5 ], "texture": "#voxels_atlas" }
			}
		},
		{
			"__comment": "Voxels",
			"from": [ 0, 8, 2 ],
			"to": [ 2, 20, 4 ],
			"faces": {
				"up": { "uv": [ 12.25, 5.25, 12.75, 4.75 ], "texture": "#voxels_atlas" },
				"north": { "uv": [ 5.5, 4, 5, 7 ], "texture": "#voxels_atlas" },
				"west": { "uv": [ 5, 1, 5.5, 4 ], "texture": "#voxels_atlas" },
				"east": { "uv": [ 6, 7, 5.5, 10 ], "texture": "#voxels_atlas" }
			}
		},
		{
			"__comment": "Voxels",
			"from": [ 0, 8, 8 ],
			"to": [ 2, 20, 10 ],
			"faces": {
				"up": { "uv": [ 6, 0.5, 6.5, 0 ], "texture": "#voxels_atlas" },
				"south": { "uv": [ 5.5, 1, 6, 4 ], "texture": "#voxels_atlas" },
				"west": { "uv": [ 4.5, 8, 5, 11 ], "texture": "#voxels_atlas" },
				"east": { "uv": [ 5, 5, 4.5, 8 ], "texture": "#voxels_atlas" }
			}
		},
		{
			"__comment": "Voxels",
			"from": [ 0, 8, 16 ],
			"to": [ 16, 10, 17 ],
			"faces": {
				"down": { "uv": [ 11.5, 9.5, 15.5, 9.75 ], "texture": "#voxels_atlas" },
				"up": { "uv": [ 11.5, 10, 15.5, 9.75 ], "texture": "#voxels_atlas" },
				"north": { "uv": [ 8.5, 12.5, 4.5, 13 ], "texture": "#voxels_atlas" },
				"south": { "uv": [ 8.5, 12.5, 12.5, 13 ], "texture": "#voxels_atlas" },
				"west": { "uv": [ 10.5, 2.75, 10.75, 3.25 ], "texture": "#voxels_atlas" },
				"east": { "uv": [ 8.5, 1.75, 8.25, 2.25 ], "texture": "#voxels_atlas" }
			}
		},
		{
			"__comment": "Voxels",
			"from": [ 0, 10, 0 ],
			"to": [ 2, 11, 1 ],
			"faces": {
				"west": { "uv": [ 11.25, 2, 11.5, 2.25 ], "texture": "#voxels_atlas" },
				"east": { "uv": [ 13.25, 7.25, 13, 7.5 ], "texture": "#voxels_atlas" }
			}
		},
		{
			"__comment": "Voxels",
			"from": [ 0, 10, 1 ],
			"to": [ 2, 20, 2 ],
			"faces": {
				"up": { "uv": [ 11.25, 4.25, 11.75, 4 ], "texture": "#voxels_atlas" },
				"north": { "uv": [ 4.5, 0, 4, 2.5 ], "texture": "#voxels_atlas" },
				"west": { "uv": [ 8, 4, 8.25, 6.5 ], "texture": "#voxels_atlas" },
				"east": { "uv": [ 8, 4, 7.75, 6.5 ], "texture": "#voxels_atlas" }
			}
		},
		{
			"__comment": "Voxels",
			"from": [ 0, 10, 10 ],
			"to": [ 2, 20, 16 ],
			"faces": {
				"up": { "uv": [ 7.75, 8, 8.25, 6.5 ], "texture": "#voxels_atlas" },
				"south": { "uv": [ 3, 1.5, 3.5, 4 ], "texture": "#voxels_atlas" },
				"west": { "uv": [ 1.5, 1.5, 3, 4 ], "texture": "#voxels_atlas" },
				"east": { "uv": [ 1.5, 1.5, 0, 4 ], "texture": "#voxels_atlas" }
			}
		},
		{
			"__comment": "Voxels",
			"from": [ 0, 11, 0 ],
			"to": [ 2, 20, 1 ],
			"faces": {
				"up": { "uv": [ 11.25, 4, 11.75, 3.75 ], "texture": "#voxels_atlas" },
				"north": { "uv": [ 7, 4.25, 6.5, 6.5 ], "texture": "#voxels_atlas" },
				"west": { "uv": [ 8.25, 2.75, 8.5, 5 ], "texture": "#voxels_atlas" },
				"east": { "uv": [ 8.5, 5, 8.25, 7.25 ], "texture": "#voxels_atlas" }
			}
		},
		{
			"__comment": "Voxels",
			"from": [ 2, 8, 14 ],
			"to": [ 17, 10, 16 ],
			"faces": {
				"down": { "uv": [ 12, 12, 15.75, 12.5 ], "texture": "#voxels_atlas" },
				"up": { "uv": [ 8.25, 12.5, 12, 12 ], "texture": "#voxels_atlas" },
				"north": { "uv": [ 8.25, 12, 4.5, 12.5 ], "texture": "#voxels_atlas" },
				"south": { "uv": [ 4.5, 11.5, 8.25, 12 ], "texture": "#voxels_atlas" },
				"east": { "uv": [ 14.25, 4.25, 13.75, 4.75 ], "texture": "#voxels_atlas" }
			}
		},
		{
			"__comment": "Voxels",
			"from": [ 2, 10, 14 ],
			"to": [ 16, 20, 16 ],
			"faces": {
				"up": { "uv": [ 12.5, 13, 16, 12.5 ], "texture": "#voxels_atlas" },
				"north": { "uv": [ 3.5, 8, 0, 10.5 ], "texture": "#voxels_atlas" },
				"south": { "uv": [ 0, 10.5, 3.5, 13 ], "texture": "#voxels_atlas" },
				"east": { "uv": [ 7, 6.5, 6.5, 9 ], "texture": "#voxels_atlas" }
			}
		},
		{
			"__comment": "Voxels",
			"from": [ 2, 12, -1 ],
			"to": [ 4, 14, 2 ],
			"faces": {
				"down": { "uv": [ 10, 2.5, 10.5, 3.25 ], "texture": "#voxels_atlas" },
				"up": { "uv": [ 10, 2.5, 10.5, 1.75 ], "texture": "#voxels_atlas" },
				"north": { "uv": [ 11.25, 1.25, 10.75, 1.75 ], "texture": "#voxels_atlas" },
				"south": { "uv": [ 11, 9, 11.5, 9.5 ], "texture": "#voxels_atlas" },
				"west": { "uv": [ 10, 1.25, 10.75, 1.75 ], "texture": "#voxels_atlas" },
				"east": { "uv": [ 10.75, 0.75, 10, 1.25 ], "texture": "#voxels_atlas" }
			}
		},
		{
			"__comment": "Voxels",
			"from": [ 2, 14, 0 ],
			"to": [ 6, 20, 2 ],
			"faces": {
				"down": { "uv": [ 13.25, 7.5, 14.25, 8 ], "texture": "#voxels_atlas" },
				"up": { "uv": [ 14.25, 8, 15.25, 7.5 ], "texture": "#voxels_atlas" },
				"north": { "uv": [ 1, 0, 0, 1.5 ], "texture": "#voxels_atlas" },
				"south": { "uv": [ 1.5, 0, 2.5, 1.5 ], "texture": "#voxels_atlas" },
				"west": { "uv": [ 6, 0.5, 6.5, 2 ], "texture": "#voxels_atlas" },
				"east": { "uv": [ 7, 0.5, 6.5, 2 ], "texture": "#voxels_atlas" }
			}
		},
		{
			"__comment": "Voxels",
			"from": [ 2, 18, 2 ],
			"to": [ 16, 20, 14 ],
			"faces": {
				"down": { "uv": [ 3.5, 13, 7, 16 ], "texture": "#voxels_atlas" },
				"up": { "uv": [ 0, 16, 3.5, 13 ], "texture": "#voxels_atlas" },
				"north": { "uv": [ 8, 11, 4.5, 11.5 ], "texture": "#voxels_atlas" },
				"west": { "uv": [ 8, 11, 11, 11.5 ], "texture": "#voxels_atlas" },
				"east": { "uv": [ 14, 11, 11, 11.5 ], "texture": "#voxels_atlas" }
			}
		},
		{
			"__comment": "Voxels",
			"from": [ 2, 20, 2 ],
			"to": [ 14, 22, 14 ],
			"faces": {
				"up": { "uv": [ 10, 16, 13, 13 ], "texture": "#voxels_atlas" },
				"north": { "uv": [ 8, 10.5, 5, 11 ], "texture": "#voxels_atlas" },
				"south": { "uv": [ 5, 10, 8, 10.5 ], "texture": "#voxels_atlas" },
				"west": { "uv": [ 8, 10.5, 11, 11 ], "texture": "#voxels_atlas" },
				"east": { "uv": [ 14, 10.5, 11, 11 ], "texture": "#voxels_atlas" }
			}
		},
		{
			"__comment": "Voxels",
			"from": [ 4, 5, 0 ],
			"to": [ 6, 6, 1 ],
			"faces": {
				"down": { "uv": [ 15.5, 9.5, 16, 9.75 ], "texture": "#voxels_atlas" },
				"up": { "uv": [ 15.5, 10, 16, 9.75 ], "texture": "#voxels_atlas" },
				"north": { "uv": [ 11.75, 2.25, 11.25, 2.5 ], "texture": "#voxels_atlas" },
				"south": { "uv": [ 11.25, 3, 11.75, 3.25 ], "texture": "#voxels_atlas" },
				"west": { "uv": [ 10.5, 0, 10.75, 0.25 ], "texture": "#voxels_atlas" },
				"east": { "uv": [ 16, 4.5, 15.75, 4.75 ], "texture": "#voxels_atlas" }
			}
		},
		{
			"__comment": "Voxels",
			"from": [ 4, 14, -1 ],
			"to": [ 6, 16, 0 ],
			"faces": {
				"down": { "uv": [ 15.25, 4.5, 15.75, 4.75 ], "texture": "#voxels_atlas" },
				"up": { "uv": [ 15.25, 4.5, 15.75, 4.25 ], "texture": "#voxels_atlas" },
				"north": { "uv": [ 13.25, 4.75, 12.75, 5.25 ], "texture": "#voxels_atlas" },
				"west": { "uv": [ 15.75, 8, 16, 8.5 ], "texture": "#voxels_atlas" },
				"east": { "uv": [ 8.5, 2.25, 8.25, 2.75 ], "texture": "#voxels_atlas" }
			}
		},
		{
			"__comment": "Voxels",
			"from": [ 4, 22, 6 ],
			"to": [ 12, 24, 14 ],
			"faces": {
				"up": { "uv": [ 0, 6, 2, 4 ], "texture": "#voxels_atlas" },
				"north": { "uv": [ 16, 10.5, 14, 11 ], "texture": "#voxels_atlas" },
				"south": { "uv": [ 14, 11, 16, 11.5 ], "texture": "#voxels_atlas" },
				"west": { "uv": [ 11.5, 9, 13.5, 9.5 ], "texture": "#voxels_atlas" },
				"east": { "uv": [ 11, 9, 9, 9.5 ], "texture": "#voxels_atlas" }
			}
		},
		{
			"__comment": "Voxels",
			"from": [ 3, 6, 0 ],
			"to": [ 4, 8, 1 ],
			"faces": {
				"down": { "uv": [ 10.5, 1.75, 10.75, 2 ], "texture": "#voxels_atlas" },
				"up": { "uv": [ 10.5, 2.75, 10.75, 2.5 ], "texture": "#voxels_atlas" },
				"north": { "uv": [ 3.5, 0, 3.25, 0.5 ], "texture": "#voxels_atlas" },
				"south": { "uv": [ 15.75, 12, 16, 12.5 ], "texture": "#voxels_atlas" },
				"west": { "uv": [ 7.5, 2, 7.75, 2.5 ], "texture": "#voxels_atlas" },
				"east": { "uv": [ 16, 8.5, 15.75, 9 ], "texture": "#voxels_atlas" }
			}
		},
		{
			"__comment": "Voxels",
			"from": [ 6, 16, -1 ],
			"to": [ 10, 18, 2 ],
			"faces": {
				"down": { "uv": [ 8.25, 7.25, 9.25, 8 ], "texture": "#voxels_atlas" },
				"up": { "uv": [ 14.25, 9, 15.25, 8.25 ], "texture": "#voxels_atlas" },
				"north": { "uv": [ 13.5, 6.75, 12.5, 7.25 ], "texture": "#voxels_atlas" },
				"south": { "uv": [ 8.5, 4.75, 9.5, 5.25 ], "texture": "#voxels_atlas" },
				"west": { "uv": [ 15.25, 7.5, 16, 8 ], "texture": "#voxels_atlas" },
				"east": { "uv": [ 10.75, 6.25, 10, 6.75 ], "texture": "#voxels_atlas" }
			}
		},
		{
			"__comment": "Voxels",
			"from": [ 6, 18, 0 ],
			"to": [ 16, 20, 2 ],
			"faces": {
				"down": { "uv": [ 13, 10, 15.5, 10.5 ], "texture": "#voxels_atlas" },
				"up": { "uv": [ 9, 10, 11.5, 9.5 ], "texture": "#voxels_atlas" },
				"north": { "uv": [ 10.5, 10, 8, 10.5 ], "texture": "#voxels_atlas" },
				"east": { "uv": [ 12.75, 4.25, 12.25, 4.75 ], "texture": "#voxels_atlas" }
			}
		},
		{
			"__comment": "Voxels",
			"from": [ 6, 24, 11 ],
			"to": [ 10, 26, 15 ],
			"faces": {
				"down": { "uv": [ 8.75, 8, 9.75, 9 ], "texture": "#voxels_atlas" },
				"up": { "uv": [ 7.75, 9, 8.75, 8 ], "texture": "#voxels_atlas" },
				"north": { "uv": [ 11.5, 6.75, 10.5, 7.25 ], "texture": "#voxels_atlas" },
				"south": { "uv": [ 9.5, 6.75, 10.5, 7.25 ], "texture": "#voxels_atlas" },
				"west": { "uv": [ 12.75, 8, 13.75, 8.5 ], "texture": "#voxels_atlas" },
				"east": { "uv": [ 12.5, 6.75, 11.5, 7.25 ], "texture": "#voxels_atlas" }
			}
		},
		{
			"__comment": "Voxels",
			"from": [ 7, 26, 13 ],
			"to": [ 9, 27, 16 ],
			"faces": {
				"down": { "uv": [ 9.5, 4, 10, 4.75 ], "texture": "#voxels_atlas" },
				"up": { "uv": [ 9.5, 4, 10, 3.25 ], "texture": "#voxels_atlas" },
				"north": { "uv": [ 10.5, 0, 10, 0.25 ], "texture": "#voxels_atlas" },
				"south": { "uv": [ 10.75, 0, 11.25, 0.25 ], "texture": "#voxels_atlas" },
				"west": { "uv": [ 12.25, 7.25, 13, 7.5 ], "texture": "#voxels_atlas" },
				"east": { "uv": [ 14, 7.25, 13.25, 7.5 ], "texture": "#voxels_atlas" }
			}
		},
		{
			"__comment": "Voxels",
			"from": [ 10, 14, -1 ],
			"to": [ 12, 16, 2 ],
			"faces": {
				"down": { "uv": [ 9.5, 2.5, 10, 3.25 ], "texture": "#voxels_atlas" },
				"up": { "uv": [ 9.5, 2.5, 10, 1.75 ], "texture": "#voxels_atlas" },
				"north": { "uv": [ 11.75, 4.75, 11.25, 5.25 ], "texture": "#voxels_atlas" },
				"south": { "uv": [ 4.5, 0, 5, 0.5 ], "texture": "#voxels_atlas" },
				"west": { "uv": [ 10.75, 6.25, 11.5, 6.75 ], "texture": "#voxels_atlas" },
				"east": { "uv": [ 12.25, 6.25, 11.5, 6.75 ], "texture": "#voxels_atlas" }
			}
		},
		{
			"__comment": "Voxels",
			"from": [ 10, 16, 0 ],
			"to": [ 16, 18, 2 ],
			"faces": {
				"down": { "uv": [ 12.75, 8.5, 14.25, 9 ], "texture": "#voxels_atlas" },
				"north": { "uv": [ 12.75, 8.5, 11.25, 9 ], "texture": "#voxels_atlas" },
				"south": { "uv": [ 9.75, 8, 11.25, 8.5 ], "texture": "#voxels_atlas" },
				"east": { "uv": [ 15.25, 4.75, 14.75, 5.25 ], "texture": "#voxels_atlas" }
			}
		},
		{
			"__comment": "Voxels",
			"from": [ 12, 12, -1 ],
			"to": [ 14, 14, 2 ],
			"faces": {
				"down": { "uv": [ 9.5, 1, 10, 1.75 ], "texture": "#voxels_atlas" },
				"up": { "uv": [ 9.5, 1, 10, 0.25 ], "texture": "#voxels_atlas" },
				"north": { "uv": [ 12.25, 4.75, 11.75, 5.25 ], "texture": "#voxels_atlas" },
				"south": { "uv": [ 10.75, 3.25, 11.25, 3.75 ], "texture": "#voxels_atlas" },
				"west": { "uv": [ 12.25, 6.25, 13, 6.75 ], "texture": "#voxels_atlas" },
				"east": { "uv": [ 13.75, 6.25, 13, 6.75 ], "texture": "#voxels_atlas" }
			}
		},
		{
			"__comment": "Voxels",
			"from": [ 12, 14, 0 ],
			"to": [ 16, 16, 2 ],
			"faces": {
				"down": { "uv": [ 9.25, 7.5, 10.25, 8 ], "texture": "#voxels_atlas" },
				"north": { "uv": [ 11.25, 7.5, 10.25, 8 ], "texture": "#voxels_atlas" },
				"south": { "uv": [ 11.25, 7.5, 12.25, 8 ], "texture": "#voxels_atlas" },
				"east": { "uv": [ 16, 10, 15.5, 10.5 ], "texture": "#voxels_atlas" }
			}
		},
		{
			"__comment": "Voxels",
			"from": [ 14, 4, 4 ],
			"to": [ 17, 6, 8 ],
			"faces": {
				"down": { "uv": [ 7, 4.5, 7.75, 5.5 ], "texture": "#voxels_atlas" },
				"up": { "uv": [ 7, 6.5, 7.75, 5.5 ], "texture": "#voxels_atlas" },
				"north": { "uv": [ 14.5, 6.25, 13.75, 6.75 ], "texture": "#voxels_atlas" },
				"south": { "uv": [ 14.5, 6.25, 15.25, 6.75 ], "texture": "#voxels_atlas" },
				"west": { "uv": [ 12.25, 7.5, 13.25, 8 ], "texture": "#voxels_atlas" },
				"east": { "uv": [ 9.5, 6.75, 8.5, 7.25 ], "texture": "#voxels_atlas" }
			}
		},
		{
			"__comment": "Voxels",
			"from": [ 14, 6, 2 ],
			"to": [ 17, 8, 4 ],
			"faces": {
				"down": { "uv": [ 15.25, 6.25, 16, 6.75 ], "texture": "#voxels_atlas" },
				"up": { "uv": [ 10, 6.25, 10.75, 5.75 ], "texture": "#voxels_atlas" },
				"north": { "uv": [ 11.5, 5.75, 10.75, 6.25 ], "texture": "#voxels_atlas" },
				"south": { "uv": [ 11.5, 5.75, 12.25, 6.25 ], "texture": "#voxels_atlas" },
				"west": { "uv": [ 10.75, 4.75, 11.25, 5.25 ], "texture": "#voxels_atlas" },
				"east": { "uv": [ 11.25, 3.75, 10.75, 4.25 ], "texture": "#voxels_atlas" }
			}
		},
		{
			"__comment": "Voxels",
			"from": [ 14, 6, 4 ],
			"to": [ 16, 18, 10 ],
			"faces": {
				"down": { "uv": [ 4.5, 0.5, 5, 2 ], "texture": "#voxels_atlas" },
				"north": { "uv": [ 5.5, 7, 5, 10 ], "texture": "#voxels_atlas" },
				"south": { "uv": [ 4.5, 2, 5, 5 ], "texture": "#voxels_atlas" },
				"west": { "uv": [ 14.5, 13, 16, 16 ], "texture": "#voxels_atlas" },
				"east": { "uv": [ 14.5, 13, 13, 16 ], "texture": "#voxels_atlas" }
			}
		},
		{
			"__comment": "Voxels",
			"from": [ 14, 8, -1 ],
			"to": [ 16, 12, 4 ],
			"faces": {
				"down": { "uv": [ 7.75, 1.5, 8.25, 2.75 ], "texture": "#voxels_atlas" },
				"up": { "uv": [ 7.75, 4, 8.25, 2.75 ], "texture": "#voxels_atlas" },
				"north": { "uv": [ 9, 3.25, 8.5, 4.25 ], "texture": "#voxels_atlas" },
				"west": { "uv": [ 6.5, 9, 7.75, 10 ], "texture": "#voxels_atlas" },
				"east": { "uv": [ 9, 9, 7.75, 10 ], "texture": "#voxels_atlas" }
			}
		},
		{
			"__comment": "Voxels",
			"from": [ 14, 8, 10 ],
			"to": [ 17, 10, 14 ],
			"faces": {
				"down": { "uv": [ 7, 1, 7.75, 2 ], "texture": "#voxels_atlas" },
				"up": { "uv": [ 7, 4.5, 7.75, 3.5 ], "texture": "#voxels_atlas" },
				"north": { "uv": [ 16, 11.5, 15.25, 12 ], "texture": "#voxels_atlas" },
				"west": { "uv": [ 14.5, 6.75, 15.5, 7.25 ], "texture": "#voxels_atlas" },
				"east": { "uv": [ 9.5, 6.25, 8.5, 6.75 ], "texture": "#voxels_atlas" }
			}
		},
		{
			"__comment": "Voxels",
			"from": [ 14, 10, 10 ],
			"to": [ 16, 18, 14 ],
			"faces": {
				"west": { "uv": [ 2, 4, 3, 6 ], "texture": "#voxels_atlas" },
				"east": { "uv": [ 3, 6, 2, 8 ], "texture": "#voxels_atlas" }
			}
		},
		{
			"__comment": "Voxels",
			"from": [ 14, 12, 0 ],
			"to": [ 16, 14, 4 ],
			"faces": {
				"up": { "uv": [ 9, 3.25, 9.5, 2.25 ], "texture": "#voxels_atlas" },
				"north": { "uv": [ 11.25, 0.25, 10.75, 0.75 ], "texture": "#voxels_atlas" },
				"west": { "uv": [ 8.5, 1.75, 9.5, 2.25 ], "texture": "#voxels_atlas" },
				"east": { "uv": [ 9.5, 1.25, 8.5, 1.75 ], "texture": "#voxels_atlas" }
			}
		},
		{
			"__comment": "Voxels",
			"from": [ 14, 14, 2 ],
			"to": [ 16, 18, 4 ],
			"faces": {
				"north": { "uv": [ 9, 0.25, 8.5, 1.25 ], "texture": "#voxels_atlas" },
				"west": { "uv": [ 9.5, 5.75, 10, 6.75 ], "texture": "#voxels_atlas" },
				"east": { "uv": [ 10, 4.75, 9.5, 5.75 ], "texture": "#voxels_atlas" }
			}
		},
		{
			"__comment": "Voxels",
			"from": [ 16, 6, 8 ],
			"to": [ 17, 8, 10 ],
			"faces": {
				"down": { "uv": [ 11.5, 2.5, 11.75, 3 ], "texture": "#voxels_atlas" },
				"up": { "uv": [ 8.25, 1.75, 8.5, 1.25 ], "texture": "#voxels_atlas" },
				"north": { "uv": [ 8.5, 0.75, 8.25, 1.25 ], "texture": "#voxels_atlas" },
				"south": { "uv": [ 8.25, 0.25, 8.5, 0.75 ], "texture": "#voxels_atlas" },
				"east": { "uv": [ 8.25, 0, 7.75, 0.5 ], "texture": "#voxels_atlas" }
			}
		},
		{
			"__comment": "Voxels",
			"from": [ 16, 8, 0 ],
			"to": [ 17, 10, 2 ],
			"faces": {
				"down": { "uv": [ 10.5, 2, 10.75, 2.5 ], "texture": "#voxels_atlas" },
				"up": { "uv": [ 10.5, 0.75, 10.75, 0.25 ], "texture": "#voxels_atlas" },
				"north": { "uv": [ 16, 4.75, 15.75, 5.25 ], "texture": "#voxels_atlas" },
				"south": { "uv": [ 11.25, 2.5, 11.5, 3 ], "texture": "#voxels_atlas" },
				"east": { "uv": [ 11.25, 0.75, 10.75, 1.25 ], "texture": "#voxels_atlas" }
			}
		},
		{
			"__comment": "Voxels",
			"from": [ 4, 8, 0 ],
			"to": [ 6, 9, 1 ],
			"faces": {
				"down": { "uv": [ 15.5, 9.5, 16, 9.75 ], "texture": "#voxels_atlas" },
				"up": { "uv": [ 15.5, 10, 16, 9.75 ], "texture": "#voxels_atlas" },
				"north": { "uv": [ 11.75, 2.25, 11.25, 2.5 ], "texture": "#voxels_atlas" },
				"south": { "uv": [ 11.25, 3, 11.75, 3.25 ], "texture": "#voxels_atlas" },
				"west": { "uv": [ 10.5, 0, 10.75, 0.25 ], "texture": "#voxels_atlas" },
				"east": { "uv": [ 16, 4.5, 15.75, 4.75 ], "texture": "#voxels_atlas" }
			}
		},
		{
			"__comment": "Voxels",
			"from": [ 6, 6, 0 ],
			"to": [ 7, 8, 1 ],
			"faces": {
				"down": { "uv": [ 10.5, 1.75, 10.75, 2 ], "texture": "#voxels_atlas" },
				"up": { "uv": [ 10.5, 2.75, 10.75, 2.5 ], "texture": "#voxels_atlas" },
				"north": { "uv": [ 3.5, 0, 3.25, 0.5 ], "texture": "#voxels_atlas" },
				"south": { "uv": [ 15.75, 12, 16, 12.5 ], "texture": "#voxels_atlas" },
				"west": { "uv": [ 7.5, 2, 7.75, 2.5 ], "texture": "#voxels_atlas" },
				"east": { "uv": [ 16, 8.5, 15.75, 9 ], "texture": "#voxels_atlas" }
			}
		},
		{
			"__comment": "Voxels",
			"from": [ 1, 7, 0 ],
			"to": [ 3, 8, 1 ],
			"faces": {
				"down": { "uv": [ 15.5, 9.5, 16, 9.75 ], "texture": "#voxels_atlas" },
				"up": { "uv": [ 15.5, 10, 16, 9.75 ], "texture": "#voxels_atlas" },
				"north": { "uv": [ 11.75, 2.25, 11.25, 2.5 ], "texture": "#voxels_atlas" },
				"south": { "uv": [ 11.25, 3, 11.75, 3.25 ], "texture": "#voxels_atlas" },
				"west": { "uv": [ 10.5, 0, 10.75, 0.25 ], "texture": "#voxels_atlas" }
			}
		}
	],
	"display": {
		"thirdperson_righthand": {
			"rotation":  [ 0, 0, 0 ],
			"translation":  [ 0, 0, 0 ],
			"scale":  [ 1, 1, 1 ]
		},
		"thirdperson_lefthand": {
			"rotation":  [ 0, 0, 0 ],
			"translation":  [ 0, 0, 0 ],
			"scale":  [ 1, 1, 1 ]
		},
		"firstperson_righthand": {
			"rotation":  [ 0, 0, 0 ],
			"translation":  [ 0, 0, 0 ],
			"scale":  [ 1, 1, 1 ]
		},
		"firstperson_lefthand": {
			"rotation":  [ 0, 0, 0 ],
			"translation":  [ 0, 0, 0 ],
			"scale":  [ 1, 1, 1 ]
		},
		"gui": {
			"rotation":  [ 0, 0, 0 ],
			"translation":  [ 0, 0, 0 ],
			"scale":  [ 1, 1, 1 ]
		},
		"head": {
			"rotation":  [ 0, 0, 0 ],
			"translation":  [ 0, -3, 0 ],
			"scale":  [ 1, 1, 1 ]
		},
		"ground": {
			"rotation":  [ 0, 0, 0 ],
			"translation":  [ 0, 0, 0 ],
			"scale":  [ 1, 1, 1 ]
		},
		"fixed": {
			"rotation":  [ 0, 0, 0 ],
			"translation":  [ 0, 0, 0 ],
			"scale":  [ 1, 1, 1 ]
		}
	}
}