{
	"__comment": "Designed by XeKr with Cubik Studio - https://cubik.studio",
	"textures": {
		"particle": "craftingpp:mob/end_envoy",
		"voxels_atlas": "craftingpp:mob/end_envoy"
	},
	"elements": [ 	 
		{
			"__comment": "Voxels",
			"from": [ 0, -5, 0 ],
			"to": [ 16, -3, 4 ],
			"faces": {
				"down": { "uv": [ 10, 10, 14, 11 ], "texture": "#voxels_atlas" },
				"up": { "uv": [ 6, 11, 10, 10 ], "texture": "#voxels_atlas" },
				"north": { "uv": [ 14.5, 9.5, 10.5, 10 ], "texture": "#voxels_atlas" },
				"south": { "uv": [ 10.5, 9, 14.5, 9.5 ], "texture": "#voxels_atlas" },
				"west": { "uv": [ 2.5, 3, 3.5, 3.5 ], "texture": "#voxels_atlas" },
				"east": { "uv": [ 3.5, 3.5, 2.5, 4 ], "texture": "#voxels_atlas" }
			}
		},
		{
			"__comment": "Voxels",
			"from": [ 0, -5, 4 ],
			"to": [ 2, -3, 12 ],
			"faces": {
				"down": { "uv": [ 5.5, 0.5, 6, 2.5 ], "texture": "#voxels_atlas" },
				"up": { "uv": [ 9, 4.75, 9.5, 2.75 ], "texture": "#voxels_atlas" },
				"south": { "uv": [ 12.5, 12, 13, 12.5 ], "texture": "#voxels_atlas" },
				"west": { "uv": [ 9.5, 12, 11.5, 12.5 ], "texture": "#voxels_atlas" },
				"east": { "uv": [ 15, 11, 13, 11.5 ], "texture": "#voxels_atlas" }
			}
		},
		{
			"__comment": "Voxels",
			"from": [ 0, -3, 10 ],
			"to": [ 2, 20, 12 ],
			"faces": {
				"up": { "uv": [ 12, 11.5, 12.5, 11 ], "texture": "#voxels_atlas" },
				"north": { "uv": [ 6.5, 4.25, 6, 10 ], "texture": "#voxels_atlas" },
				"south": { "uv": [ 6.5, 4.25, 7, 10 ], "texture": "#voxels_atlas" },
				"west": { "uv": [ 7, 4.25, 7.5, 10 ], "texture": "#voxels_atlas" },
				"east": { "uv": [ 8, 4.25, 7.5, 10 ], "texture": "#voxels_atlas" }
			}
		},
		{
			"__comment": "Voxels",
			"from": [ 0, 0, 0 ],
			"to": [ 2, 20, 10 ],
			"faces": {
				"down": { "uv": [ 5, 0, 5.5, 2.5 ], "texture": "#voxels_atlas" },
				"up": { "uv": [ 4.5, 2.5, 5, 0 ], "texture": "#voxels_atlas" },
				"north": { "uv": [ 10.5, 5, 10, 10 ], "texture": "#voxels_atlas" },
				"west": { "uv": [ 0, 3, 2.5, 8 ], "texture": "#voxels_atlas" },
				"east": { "uv": [ 6, 11, 3.5, 16 ], "texture": "#voxels_atlas" }
			}
		},
		{
			"__comment": "Voxels",
			"from": [ 0, 4, 12 ],
			"to": [ 2, 20, 16 ],
			"faces": {
				"down": { "uv": [ 12, 11.5, 12.5, 12.5 ], "texture": "#voxels_atlas" },
				"up": { "uv": [ 11.5, 12.5, 12, 11.5 ], "texture": "#voxels_atlas" },
				"south": { "uv": [ 6, 0.25, 6.5, 4.25 ], "texture": "#voxels_atlas" },
				"west": { "uv": [ 2.5, 4, 3.5, 8 ], "texture": "#voxels_atlas" },
				"east": { "uv": [ 4.5, 2.5, 3.5, 6.5 ], "texture": "#voxels_atlas" }
			}
		},
		{
			"__comment": "Voxels",
			"from": [ 2, -3, 0 ],
			"to": [ 4, -2, 2 ],
			"faces": {
				"up": { "uv": [ 5.5, 0.5, 6, 0 ], "texture": "#voxels_atlas" },
				"north": { "uv": [ 8, 0.5, 7.5, 0.75 ], "texture": "#voxels_atlas" },
				"south": { "uv": [ 7, 0, 7.5, 0.25 ], "texture": "#voxels_atlas" },
				"west": { "uv": [ 6.5, 0.25, 7, 0.5 ], "texture": "#voxels_atlas" },
				"east": { "uv": [ 7, 0, 6.5, 0.25 ], "texture": "#voxels_atlas" }
			}
		},
		{
			"__comment": "Voxels",
			"from": [ 2, 4, 14 ],
			"to": [ 16, 20, 16 ],
			"faces": {
				"down": { "uv": [ 0, 1.25, 3.5, 1.75 ], "texture": "#voxels_atlas" },
				"up": { "uv": [ 0, 1.25, 3.5, 0.75 ], "texture": "#voxels_atlas" },
				"north": { "uv": [ 3.5, 12, 0, 16 ], "texture": "#voxels_atlas" },
				"south": { "uv": [ 0, 8, 3.5, 12 ], "texture": "#voxels_atlas" },
				"east": { "uv": [ 5.5, 2.5, 5, 6.5 ], "texture": "#voxels_atlas" }
			}
		},
		{
			"__comment": "Voxels",
			"from": [ 2, 18, 0 ],
			"to": [ 16, 20, 14 ],
			"faces": {
				"down": { "uv": [ 6, 12.5, 9.5, 16 ], "texture": "#voxels_atlas" },
				"up": { "uv": [ 9.5, 16, 13, 12.5 ], "texture": "#voxels_atlas" },
				"north": { "uv": [ 3.5, 0.25, 0, 0.75 ], "texture": "#voxels_atlas" },
				"west": { "uv": [ 6, 11.5, 9.5, 12 ], "texture": "#voxels_atlas" },
				"east": { "uv": [ 9.5, 11, 6, 11.5 ], "texture": "#voxels_atlas" }
			}
		},
		{
			"__comment": "Voxels",
			"from": [ 7, -3, 0 ],
			"to": [ 9, -2, 2 ],
			"faces": {
				"up": { "uv": [ 15, 10.5, 15.5, 10 ], "texture": "#voxels_atlas" },
				"north": { "uv": [ 8.5, 0, 8, 0.25 ], "texture": "#voxels_atlas" },
				"south": { "uv": [ 9, 0.5, 9.5, 0.75 ], "texture": "#voxels_atlas" },
				"west": { "uv": [ 6, 0, 6.5, 0.25 ], "texture": "#voxels_atlas" },
				"east": { "uv": [ 7, 0.5, 6.5, 0.75 ], "texture": "#voxels_atlas" }
			}
		},
		{
			"__comment": "Voxels",
			"from": [ 9, 4, -1 ],
			"to": [ 16, 9, 0 ],
			"faces": {
				"down": { "uv": [ 0, 0, 1.75, 0.25 ], "texture": "#voxels_atlas" },
				"up": { "uv": [ 1.75, 0.25, 3.5, 0 ], "texture": "#voxels_atlas" },
				"north": { "uv": [ 1.75, 1.75, 0, 3 ], "texture": "#voxels_atlas" },
				"south": { "uv": [ 1.75, 1.75, 3.5, 3 ], "texture": "#voxels_atlas" },
				"west": { "uv": [ 8.5, 0, 8.75, 1.25 ], "texture": "#voxels_atlas" },
				"east": { "uv": [ 9, 0, 8.75, 1.25 ], "texture": "#voxels_atlas" }
			}
		},
		{
			"__comment": "Voxels",
			"from": [ 12, -3, 0 ],
			"to": [ 14, -2, 2 ],
			"faces": {
				"up": { "uv": [ 14, 11, 14.5, 10.5 ], "texture": "#voxels_atlas" },
				"north": { "uv": [ 8, 0, 7.5, 0.25 ], "texture": "#voxels_atlas" },
				"south": { "uv": [ 7.5, 0.25, 8, 0.5 ], "texture": "#voxels_atlas" },
				"west": { "uv": [ 7, 0.25, 7.5, 0.5 ], "texture": "#voxels_atlas" },
				"east": { "uv": [ 7.5, 0.5, 7, 0.75 ], "texture": "#voxels_atlas" }
			}
		},
		{
			"__comment": "Voxels",
			"from": [ 14, -5, 4 ],
			"to": [ 16, -3, 12 ],
			"faces": {
				"down": { "uv": [ 9.5, 2.75, 10, 4.75 ], "texture": "#voxels_atlas" },
				"up": { "uv": [ 9, 2.75, 9.5, 0.75 ], "texture": "#voxels_atlas" },
				"south": { "uv": [ 12.5, 11, 13, 11.5 ], "texture": "#voxels_atlas" },
				"west": { "uv": [ 9.5, 11, 11.5, 11.5 ], "texture": "#voxels_atlas" },
				"east": { "uv": [ 11.5, 11.5, 9.5, 12 ], "texture": "#voxels_atlas" }
			}
		},
		{
			"__comment": "Voxels",
			"from": [ 14, -3, 10 ],
			"to": [ 16, 18, 12 ],
			"faces": {
				"north": { "uv": [ 9, 4.75, 8.5, 10 ], "texture": "#voxels_atlas" },
				"south": { "uv": [ 8, 4.75, 8.5, 10 ], "texture": "#voxels_atlas" },
				"west": { "uv": [ 9.5, 4.75, 10, 10 ], "texture": "#voxels_atlas" },
				"east": { "uv": [ 9.5, 4.75, 9, 10 ], "texture": "#voxels_atlas" }
			}
		},
		{
			"__comment": "Voxels",
			"from": [ 14, 0, 0 ],
			"to": [ 16, 18, 10 ],
			"faces": {
				"down": { "uv": [ 4, 0, 4.5, 2.5 ], "texture": "#voxels_atlas" },
				"north": { "uv": [ 8.5, 0.25, 8, 4.75 ], "texture": "#voxels_atlas" },
				"west": { "uv": [ 3.5, 6.5, 6, 11 ], "texture": "#voxels_atlas" },
				"east": { "uv": [ 15.5, 11.5, 13, 16 ], "texture": "#voxels_atlas" }
			}
		},
		{
			"__comment": "Voxels",
			"from": [ 14, 4, 12 ],
			"to": [ 16, 18, 14 ],
			"faces": {
				"down": { "uv": [ 15, 10.5, 15.5, 11 ], "texture": "#voxels_atlas" },
				"west": { "uv": [ 8.5, 1.25, 9, 4.75 ], "texture": "#voxels_atlas" },
				"east": { "uv": [ 7, 0.75, 6.5, 4.25 ], "texture": "#voxels_atlas" }
			}
		}
	],
	"display": {
		"thirdperson_righthand": {
			"rotation":  [ 0, 0, 0 ],
			"translation":  [ 0, 0, 0 ],
			"scale":  [ 1, 1, 1 ]
		},
		"thirdperson_lefthand": {
			"rotation":  [ 0, 0, 0 ],
			"translation":  [ 0, 0, 0 ],
			"scale":  [ 1, 1, 1 ]
		},
		"firstperson_righthand": {
			"rotation":  [ 0, 0, 0 ],
			"translation":  [ 0, 0, 0 ],
			"scale":  [ 1, 1, 1 ]
		},
		"firstperson_lefthand": {
			"rotation":  [ 0, 0, 0 ],
			"translation":  [ 0, 0, 0 ],
			"scale":  [ 1, 1, 1 ]
		},
		"gui": {
			"rotation":  [ 0, 0, 0 ],
			"translation":  [ 0, 0, 0 ],
			"scale":  [ 1, 1, 1 ]
		},
		"head": {
			"rotation":  [ 0, 0, 0 ],
			"translation":  [ 0, -3, 0 ],
			"scale":  [ 1, 1, 1 ]
		},
		"ground": {
			"rotation":  [ 0, 0, 0 ],
			"translation":  [ 0, 0, 0 ],
			"scale":  [ 1, 1, 1 ]
		},
		"fixed": {
			"rotation":  [ 0, 0, 0 ],
			"translation":  [ 0, 0, 0 ],
			"scale":  [ 1, 1, 1 ]
		}
	}
}