{
	"parent": "block/block",
	"display": {
		"head": {
			"rotation": [ 0, 0, 0 ],
			"translation": [ 0, -14.7, 0 ],
			"scale": [ 2.29, 2.29, 2.29 ]
		},
        "gui": {
            "translation": [ 0, 0, 0],
            "scale":[ 0.625, 0.625, 0.625 ]
        }
	},
	"ambientocclusion": false,
	"textures": {
		"particle": "craftingpp:machine/sorcerer_stone",
		"all": "craftingpp:machine/sorcerer_stone"
	},
	"elements": [
		{   "from": [ 7.5, 23, 7.5 ],
			"to":   [ 8.5, 24, 8.5 ],
			"faces": {
				"down":  { "uv": [ 11.25, 3.25, 12.25, 4.25 ], "texture": "#all" },
				"up":	 { "uv": [ 11.25, 11.25, 12.25, 12.25 ], "texture": "#all" },
				"north": { "uv": [ 3.25, 15.5, 4.25, 16 ], "texture": "#all" },
				"south": { "uv": [ 3.25, 15.5, 4.25, 16 ], "texture": "#all" },
				"west":  { "uv": [ 3.25, 15.5, 4.25, 16 ], "texture": "#all" },
				"east":  { "uv": [ 3.25, 15.5, 4.25, 16 ], "texture": "#all" }
			}
		},
		{   "from": [ 6.75, 22, 6.75 ],
			"to":   [ 9.25, 23, 9.25 ],
			"faces": {
				"down":  { "uv": [ 11.375, 3.375, 12.625, 4.625 ], "texture": "#all" },
				"up":	 { "uv": [ 11.375, 11.375, 12.625, 12.625 ], "texture": "#all" },
				"north": { "uv": [ 3.375, 15, 4.625, 15.5 ], "texture": "#all" },
				"south": { "uv": [ 3.375, 15, 4.625, 15.5 ], "texture": "#all" },
				"west":  { "uv": [ 3.375, 15, 4.625, 15.5 ], "texture": "#all" },
				"east":  { "uv": [ 3.375, 15, 4.625, 15.5 ], "texture": "#all" }
			}
		},
		{   "from": [ 6,  21, 6  ],
			"to":   [ 10, 22, 10 ],
			"faces": {
				"down":  { "uv": [ 11, 3, 13, 5 ], "texture": "#all" },
				"up":	 { "uv": [ 11, 11, 13, 13 ], "texture": "#all" },
				"north": { "uv": [ 3, 14.5, 5, 15 ], "texture": "#all" },
				"south": { "uv": [ 3, 14.5, 5, 15 ], "texture": "#all" },
				"west":  { "uv": [ 3, 14.5, 5, 15 ], "texture": "#all" },
				"east":  { "uv": [ 3, 14.5, 5, 15 ], "texture": "#all" }
			}
		},
		{   "from": [ 5.25,  20, 5.25  ],
			"to":   [ 10.75, 21, 10.75 ],
			"faces": {
				"down":  { "uv": [ 11.625, 3.625, 13.375, 5.375 ], "texture": "#all" },
				"up":	 { "uv": [ 11.625, 11.625, 13.375, 13.375 ], "texture": "#all" },
				"north": { "uv": [ 3.625, 14, 5.375, 14.5 ], "texture": "#all" },
				"south": { "uv": [ 3.625, 14, 5.375, 14.5 ], "texture": "#all" },
				"west":  { "uv": [ 3.625, 14, 5.375, 14.5 ], "texture": "#all" },
				"east":  { "uv": [ 3.625, 14, 5.375, 14.5 ], "texture": "#all" }
			}
		},
		{   "from": [ 4.5,  19, 4.5  ],
			"to":   [ 11.5, 20, 11.5 ],
			"faces": {
				"down":  { "uv": [ 10.25, 2.25, 13.75, 5.75 ], "texture": "#all" },
				"up":	 { "uv": [ 10.25, 10.25, 13.75, 13.75 ], "texture": "#all" },
				"north": { "uv": [ 2.25, 13.5, 5.75, 14 ], "texture": "#all" },
				"south": { "uv": [ 2.25, 13.5, 5.75, 14 ], "texture": "#all" },
				"west":  { "uv": [ 2.25, 13.5, 5.75, 14 ], "texture": "#all" },
				"east":  { "uv": [ 2.25, 13.5, 5.75, 14 ], "texture": "#all" }
			}
		},
		{   "from": [ 4, 18, 4 ],
			"to":   [ 12, 19, 12 ],
			"faces": {
				"down":  { "uv": [ 10, 2, 14, 6 ], "texture": "#all" },
				"up":	 { "uv": [ 10, 10, 14, 14 ], "texture": "#all" },
				"north": { "uv": [ 2, 13, 6, 13.5 ], "texture": "#all" },
				"south": { "uv": [ 2, 13, 6, 13.5 ], "texture": "#all" },
				"west":  { "uv": [ 2, 13, 6, 13.5 ], "texture": "#all" },
				"east":  { "uv": [ 2, 13, 6, 13.5 ], "texture": "#all" }
			}
		},
		{   "from": [ 3.75, 17, 3.75 ],
			"to":   [ 12.25, 18, 12.25 ],
			"faces": {
				"down":  { "uv": [ 9.875, 1.875, 14.125, 6.125 ], "texture": "#all" },
				"up":	 { "uv": [ 9.875, 9.875, 14.125, 14.125 ], "texture": "#all" },
				"north": { "uv": [ 1.875, 12.5, 6.125, 13 ], "texture": "#all" },
				"south": { "uv": [ 1.875, 12.5, 6.125, 13 ], "texture": "#all" },
				"west":  { "uv": [ 1.875, 12.5, 6.125, 13 ], "texture": "#all" },
				"east":  { "uv": [ 1.875, 12.5, 6.125, 13 ], "texture": "#all" }
			}
		},
		{   "from": [ 3.5, 16, 3.5 ],
			"to":   [ 12.5, 17, 12.5 ],
			"faces": {
				"down":  { "uv": [ 9.75, 1.75, 14.25, 6.25 ], "texture": "#all" },
				"up":	 { "uv": [ 9.75, 9.75, 14.25, 14.25 ], "texture": "#all" },
				"north": { "uv": [ 1.75, 12, 6.25, 12.5 ], "texture": "#all" },
				"south": { "uv": [ 1.75, 12, 6.25, 12.5 ], "texture": "#all" },
				"west":  { "uv": [ 1.75, 12, 6.25, 12.5 ], "texture": "#all" },
				"east":  { "uv": [ 1.75, 12, 6.25, 12.5 ], "texture": "#all" }
			}
		},
		{   "from": [ 3.25, 15, 3.25 ],
			"to":   [ 12.75, 16, 12.75 ],
			"faces": {
				"down":  { "uv": [ 9.625, 1.625, 14.375, 6.375 ], "texture": "#all" },
				"up":	 { "uv": [ 9.625, 9.625, 14.375, 14.375 ], "texture": "#all" },
				"north": { "uv": [ 1.625, 11.5, 6.375, 11 ], "texture": "#all" },
				"south": { "uv": [ 1.625, 11.5, 6.375, 11 ], "texture": "#all" },
				"west":  { "uv": [ 1.625, 11.5, 6.375, 11 ], "texture": "#all" },
				"east":  { "uv": [ 1.625, 11.5, 6.375, 11 ], "texture": "#all" }
			}
		},
		{   "from": [ 3, 14, 3 ],
			"to":   [ 13, 15, 13 ],
			"faces": {
				"down":  { "uv": [ 9.5, 1.5, 14.5, 6.5 ], "texture": "#all" },
				"up":	 { "uv": [ 9.5, 9.5, 14.5, 14.5 ], "texture": "#all" },
				"north": { "uv": [ 1.5, 11, 6.5, 11.5 ], "texture": "#all" },
				"south": { "uv": [ 1.5, 11, 6.5, 11.5 ], "texture": "#all" },
				"west":  { "uv": [ 1.5, 11, 6.5, 11.5 ], "texture": "#all" },
				"east":  { "uv": [ 1.5, 11, 6.5, 11.5 ], "texture": "#all" }
			}
		},
		{   "from": [ 2.75, 13, 2.75 ],
			"to":   [ 13.25, 14, 13.25 ],
			"faces": {
				"down":  { "uv": [ 9.375, 1.375, 14.625, 6.625 ], "texture": "#all" },
				"up":	 { "uv": [ 9.375, 9.375, 14.625, 14.625 ], "texture": "#all" },
				"north": { "uv": [ 1.375, 10.5, 6.625, 11 ], "texture": "#all" },
				"south": { "uv": [ 1.375, 10.5, 6.625, 11 ], "texture": "#all" },
				"west":  { "uv": [ 1.375, 10.5, 6.625, 11 ], "texture": "#all" },
				"east":  { "uv": [ 1.375, 10.5, 6.625, 11 ], "texture": "#all" }
			}
		},
		{   "from": [ 2.5, 12, 2.5 ],
			"to":   [ 13.5, 13, 13.5 ],
			"faces": {
				"down":  { "uv": [ 9.25, 1.25, 14.75, 6.75 ], "texture": "#all" },
				"up":	 { "uv": [ 9.25, 9.25, 14.75, 14.75 ], "texture": "#all" },
				"north": { "uv": [ 1.25, 10, 6.75, 10.5 ], "texture": "#all" },
				"south": { "uv": [ 1.25, 10, 6.75, 10.5 ], "texture": "#all" },
				"west":  { "uv": [ 1.25, 10, 6.75, 10.5 ], "texture": "#all" },
				"east":  { "uv": [ 1.25, 10, 6.75, 10.5 ], "texture": "#all" }
			}
		},
		{   "from": [ 2.25, 11, 2.25 ],
			"to":   [ 13.75, 12, 13.75 ],
			"faces": {
				"down":  { "uv": [ 9.125, 1.125, 14.875, 6.875 ], "texture": "#all" },
				"up":	 { "uv": [ 9.125, 9.125, 14.875, 14.875 ], "texture": "#all" },
				"north": { "uv": [ 1.125, 9.5, 6.875, 10 ], "texture": "#all" },
				"south": { "uv": [ 1.125, 9.5, 6.875, 10 ], "texture": "#all" },
				"west":  { "uv": [ 1.125, 9.5, 6.875, 10 ], "texture": "#all" },
				"east":  { "uv": [ 1.125, 9.5, 6.875, 10 ], "texture": "#all" }
			}
		},
		{   "from": [ 2, 10, 2 ],
			"to":   [ 14, 11, 14 ],
			"faces": {
				"down":  { "uv": [ 9, 1, 15, 7 ], "texture": "#all" },
				"up":	 { "uv": [ 9, 9, 15, 15 ], "texture": "#all" },
				"north": { "uv": [ 1, 9, 7, 9.5 ], "texture": "#all" },
				"south": { "uv": [ 1, 9, 7, 9.5 ], "texture": "#all" },
				"west":  { "uv": [ 1, 9, 7, 9.5 ], "texture": "#all" },
				"east":  { "uv": [ 1, 9, 7, 9.5 ], "texture": "#all" }
			}
		},
		{   "from": [ 1.75, 9, 1.75 ],
			"to":   [ 14.25, 10, 14.25 ],
			"faces": {
				"down":  { "uv": [ 8.875, 0.875, 15.125, 7.125 ], "texture": "#all" },
				"up":	 { "uv": [ 8.875, 8.875, 15.125, 15.125 ], "texture": "#all" },
				"north": { "uv": [ 0.875, 8.5, 7.125, 9 ], "texture": "#all" },
				"south": { "uv": [ 0.875, 8.5, 7.125, 9 ], "texture": "#all" },
				"west":  { "uv": [ 0.875, 8.5, 7.125, 9 ], "texture": "#all" },
				"east":  { "uv": [ 0.875, 8.5, 7.125, 9 ], "texture": "#all" }
			}
		},
		{   "from": [ 1.5, 8, 1.5 ],
			"to":   [ 14.5, 9, 14.5 ],
			"faces": {
				"down":  { "uv": [ 8.75, 0.75, 15.25, 7.25 ], "texture": "#all" },
				"up":	 { "uv": [ 8.75, 8.75, 15.25, 15.25 ], "texture": "#all" },
				"north": { "uv": [ 0.75, 8, 7.25, 8.5 ], "texture": "#all" },
				"south": { "uv": [ 0.75, 8, 7.25, 8.5 ], "texture": "#all" },
				"west":  { "uv": [ 0.75, 8, 7.25, 8.5 ], "texture": "#all" },
				"east":  { "uv": [ 0.75, 8, 7.25, 8.5 ], "texture": "#all" }
			}
		},
		{   "from": [ 1.25, 7, 1.25 ],
			"to":   [ 14.75, 8, 14.75 ],
			"faces": {
				"down":  { "uv": [ 8.625, 0.625, 15.375, 7.375 ], "texture": "#all" },
				"up":	 { "uv": [ 8.625, 8.625, 15.375, 15.375 ], "texture": "#all" },
				"north": { "uv": [ 0.625, 7.5, 7.375, 8 ], "texture": "#all" },
				"south": { "uv": [ 0.625, 7.5, 7.375, 8 ], "texture": "#all" },
				"west":  { "uv": [ 0.625, 7.5, 7.375, 8 ], "texture": "#all" },
				"east":  { "uv": [ 0.625, 7.5, 7.375, 8 ], "texture": "#all" }
			}
		},
		{   "from": [ 1, 6, 1 ],
			"to":   [ 15, 7, 15 ],
			"faces": {
				"down":  { "uv": [ 8.5, 0.5, 15.5, 7.5 ], "texture": "#all" },
				"up":	 { "uv": [ 8.5, 8.5, 15.5, 15.5 ], "texture": "#all" },
				"north": { "uv": [ 0.5, 7, 7.5, 7.5 ], "texture": "#all" },
				"south": { "uv": [ 0.5, 7, 7.5, 7.5 ], "texture": "#all" },
				"west":  { "uv": [ 0.5, 7, 7.5, 7.5 ], "texture": "#all" },
				"east":  { "uv": [ 0.5, 7, 7.5, 7.5 ], "texture": "#all" }
			}
		},
		{   "from": [ 0.75, 5, 0.75 ],
			"to":   [ 15.25, 6, 15.25 ],
			"faces": {
				"down":  { "uv": [ 8.375, 0.375, 15.625, 7.625 ], "texture": "#all" },
				"up":	 { "uv": [ 8.375, 8.375, 15.625, 15.625 ], "texture": "#all" },
				"north": { "uv": [ 0.375, 6.5, 7.625,  7 ], "texture": "#all" },
				"south": { "uv": [ 0.375, 6.5, 7.625,  7 ], "texture": "#all" },
				"west":  { "uv": [ 0.375, 6.5, 7.625,  7 ], "texture": "#all" },
				"east":  { "uv": [ 0.375, 6.5, 7.625,  7 ], "texture": "#all" }
			}
		},
		{   "from": [ 0.5, 4, 0.5 ],
			"to":   [ 15.5, 5, 15.5 ],
			"faces": {
				"down":  { "uv": [ 8.25, 0.25, 15.75, 7.75 ], "texture": "#all" },
				"up":	 { "uv": [ 8.25, 8.25, 15.75, 15.75 ], "texture": "#all" },
				"north": { "uv": [ 0.25, 6, 7.75, 6.5 ], "texture": "#all" },
				"south": { "uv": [ 0.25, 6, 7.75, 6.5 ], "texture": "#all" },
				"west":  { "uv": [ 0.25, 6, 7.75, 6.5 ], "texture": "#all" },
				"east":  { "uv": [0.253, 6, 7.75, 6.5 ], "texture": "#all" }
			}
		},
		{   "from": [  1.5, 3,  1.5 ],
			"to":   [ 14.5, 4, 14.5 ],
			"faces": {
				"down":  { "uv": [ 8.75, 0.75, 15.25, 7.25 ], "texture": "#all" },
				"up":	 { "uv": [ 8.75, 8.75, 15.25, 15.25 ], "texture": "#all" },
				"north": { "uv": [ 0.75, 5.5, 7.25, 6 ], "texture": "#all" },
				"south": { "uv": [ 0.75, 5.5, 7.25, 6 ], "texture": "#all" },
				"west":  { "uv": [ 0.75, 5.5, 7.25, 6 ], "texture": "#all" },
				"east":  { "uv": [ 0.75, 5.5, 7.25, 6 ], "texture": "#all" }
			}
		},
		{   "from": [  2.5, 2,  2.5 ],
			"to":   [ 13.5, 3, 13.5 ],
			"faces": {
				"down":  { "uv": [ 9.25, 1.25, 14.75, 6.75 ], "texture": "#all" },
				"up":	 { "uv": [ 9.25, 9.25, 14.75, 14.75 ], "texture": "#all" },
				"north": { "uv": [ 1.25, 5, 6.75, 5.5 ], "texture": "#all" },
				"south": { "uv": [ 1.25, 5, 6.75, 5.5 ], "texture": "#all" },
				"west":  { "uv": [ 1.25, 5, 6.75, 5.5 ], "texture": "#all" },
				"east":  { "uv": [ 1.25, 5, 6.75, 5.5 ], "texture": "#all" }
			}
		},
		{   "from": [  3.5, 1,  3.5 ],
			"to":   [ 12.5, 2, 12.5 ],
			"faces": {
				"down":  { "uv": [ 9.75, 1.75, 14.25, 6.25 ], "texture": "#all" },
				"up":	 { "uv": [ 9.75, 9.75, 14.25, 14.25 ], "texture": "#all" },
				"north": { "uv": [ 1.75, 4.5, 6.25, 5 ], "texture": "#all" },
				"south": { "uv": [ 1.75, 4.5, 6.25, 5 ], "texture": "#all" },
				"west":  { "uv": [ 1.75, 4.5, 6.25, 5 ], "texture": "#all" },
				"east":  { "uv": [ 1.75, 4.5, 6.25, 5 ], "texture": "#all" }
			}
		},
		{   "from": [  4.5, 0,  4.5 ],
			"to":   [ 11.5, 1, 11.5 ],
			"faces": {
				"down":  { "uv": [ 10.25, 2.25, 13.75, 5.75 ], "texture": "#all" },
				"up":	 { "uv": [ 10.25, 10.25, 13.75, 13.75 ], "texture": "#all" },
				"north": { "uv": [ 2.25, 4, 5.75, 4.5 ], "texture": "#all" },
				"south": { "uv": [ 2.25, 4, 5.75, 4.5 ], "texture": "#all" },
				"west":  { "uv": [ 2.25, 4, 5.75, 4.5 ], "texture": "#all" },
				"east":  { "uv": [ 2.25, 4, 5.75, 4.5 ], "texture": "#all" }
			}
		},
		{   "from": [  5.5, -1,  5.5 ],
			"to":   [ 10.5,  0, 10.5 ],
			"faces": {
				"down":  { "uv": [ 10.75, 2.75, 13.25, 5.25 ], "texture": "#all" },
				"up":	 { "uv": [ 10.75, 10.75, 13.25, 13.25 ], "texture": "#all" },
				"north": { "uv": [ 2.75, 3.5, 5.25, 4 ], "texture": "#all" },
				"south": { "uv": [ 2.75, 3.5, 5.25, 4 ], "texture": "#all" },
				"west":  { "uv": [ 2.75, 3.5, 5.25, 4 ], "texture": "#all" },
				"east":  { "uv": [ 2.75, 3.5, 5.25, 4 ], "texture": "#all" }
			}
		},
		{   "from": [ 6.5, -2, 6.5 ],
			"to":   [ 9.5, -1, 9.5 ],
			"faces": {
				"down":  { "uv": [ 11.25, 3.25, 12.75, 4.75 ], "texture": "#all" },
				"up":	 { "uv": [ 11.25, 11.25, 12.75, 12.75 ], "texture": "#all" },
				"north": { "uv": [ 3.25, 3, 4.75, 3.5 ], "texture": "#all" },
				"south": { "uv": [ 3.25, 3, 4.75, 3.5 ], "texture": "#all" },
				"west":  { "uv": [ 3.25, 3, 4.75, 3.5 ], "texture": "#all" },
				"east":  { "uv": [ 3.25, 3, 4.75, 3.5 ], "texture": "#all" }
			}
		},
		{   "from": [ 7.5, -3, 7.5 ],
			"to":   [ 8.5, -2, 8.5 ],
			"faces": {
				"down":  { "uv": [ 11.75, 3.75, 12.25, 4.25 ], "texture": "#all" },
				"up":	 { "uv": [ 11.75, 11.75, 12.25, 12.25 ], "texture": "#all" },
				"north": { "uv": [ 3.75, 2.5, 4.25, 3 ], "texture": "#all" },
				"south": { "uv": [ 3.75, 2.5, 4.25, 3 ], "texture": "#all" },
				"west":  { "uv": [ 3.75, 2.5, 4.25, 3 ], "texture": "#all" },
				"east":  { "uv": [ 3.75, 2.5, 4.25, 3 ], "texture": "#all" }
			}
		}
	]
}
