{
	"__comment": "Designed by XeKr with Cubik Studio - https://cubik.studio",
	"textures": {
		"particle": "craftingpp:mob/santa_claus",
		"voxels_atlas": "craftingpp:mob/santa_claus"
	},
	"elements": [ 	 
		{
			"__comment": "Voxels",
			"from": [ 0, 13, 0 ],
			"to": [ 16, 16, 2 ],
			"faces": {
				"down": { "uv": [ 11.5, 12, 15.5, 12.5 ], "texture": "#voxels_atlas" },
				"up": { "uv": [ 3.5, 11.75, 7.5, 11.25 ], "texture": "#voxels_atlas" },
				"north": { "uv": [ 7.5, 11.75, 3.5, 12.5 ], "texture": "#voxels_atlas" },
				"south": { "uv": [ 7.5, 11.75, 11.5, 12.5 ], "texture": "#voxels_atlas" },
				"west": { "uv": [ 1, 0, 1.5, 0.75 ], "texture": "#voxels_atlas" },
				"east": { "uv": [ 0.5, 0.25, 0, 1 ], "texture": "#voxels_atlas" }
			}
		},
		{
			"__comment": "Voxels",
			"from": [ 0, 13, 2 ],
			"to": [ 2, 16, 16 ],
			"faces": {
				"down": { "uv": [ 0, 1, 0.5, 4.5 ], "texture": "#voxels_atlas" },
				"up": { "uv": [ 0.5, 4.5, 1, 1 ], "texture": "#voxels_atlas" },
				"south": { "uv": [ 1, 0.75, 1.5, 1.5 ], "texture": "#voxels_atlas" },
				"west": { "uv": [ 0, 6.25, 3.5, 7 ], "texture": "#voxels_atlas" },
				"east": { "uv": [ 3.5, 5.5, 0, 6.25 ], "texture": "#voxels_atlas" }
			}
		},
		{
			"__comment": "Voxels",
			"from": [ 1, 0, 1 ],
			"to": [ 15, 2, 3 ],
			"faces": {
				"down": { "uv": [ 3.5, 10.75, 7, 11.25 ], "texture": "#voxels_atlas" },
				"up": { "uv": [ 7, 11.25, 10.5, 10.75 ], "texture": "#voxels_atlas" },
				"north": { "uv": [ 3.5, 5, 0, 5.5 ], "texture": "#voxels_atlas" },
				"south": { "uv": [ 0, 4.5, 3.5, 5 ], "texture": "#voxels_atlas" },
				"west": { "uv": [ 9.5, 12.5, 10, 13 ], "texture": "#voxels_atlas" },
				"east": { "uv": [ 13, 12.5, 12.5, 13 ], "texture": "#voxels_atlas" }
			}
		},
		{
			"__comment": "Voxels",
			"from": [ 1, 2, 1 ],
			"to": [ 4, 3, 3 ],
			"faces": {
				"up": { "uv": [ 2.75, 2, 3.5, 1.5 ], "texture": "#voxels_atlas" },
				"north": { "uv": [ 15.25, 11.75, 14.5, 12 ], "texture": "#voxels_atlas" },
				"south": { "uv": [ 2.75, 0, 3.5, 0.25 ], "texture": "#voxels_atlas" },
				"west": { "uv": [ 0, 0, 0.5, 0.25 ], "texture": "#voxels_atlas" },
				"east": { "uv": [ 1, 0, 0.5, 0.25 ], "texture": "#voxels_atlas" }
			}
		},
		{
			"__comment": "Voxels",
			"from": [ 1, 5, 1 ],
			"to": [ 2, 13, 3 ],
			"faces": {
				"up": { "uv": [ 3.5, 1, 3.75, 0.5 ], "texture": "#voxels_atlas" },
				"north": { "uv": [ 4, 6.75, 3.75, 8.75 ], "texture": "#voxels_atlas" },
				"south": { "uv": [ 3.5, 4.75, 3.75, 6.75 ], "texture": "#voxels_atlas" },
				"west": { "uv": [ 2, 2.5, 2.5, 4.5 ], "texture": "#voxels_atlas" },
				"east": { "uv": [ 4, 8.75, 3.5, 10.75 ], "texture": "#voxels_atlas" }
			}
		},
		{
			"__comment": "Voxels",
			"from": [ 1, 16, 1 ],
			"to": [ 15, 20, 15 ],
			"faces": {
				"down": { "uv": [ 0, 12.5, 3.5, 16 ], "texture": "#voxels_atlas" },
				"up": { "uv": [ 3.5, 16, 7, 12.5 ], "texture": "#voxels_atlas" },
				"north": { "uv": [ 3.5, 9.5, 0, 10.5 ], "texture": "#voxels_atlas" },
				"south": { "uv": [ 0, 8.5, 3.5, 9.5 ], "texture": "#voxels_atlas" },
				"west": { "uv": [ 0, 11.5, 3.5, 12.5 ], "texture": "#voxels_atlas" },
				"east": { "uv": [ 3.5, 10.5, 0, 11.5 ], "texture": "#voxels_atlas" }
			}
		},
		{
			"__comment": "Voxels",
			"from": [ 2, 13, 14 ],
			"to": [ 16, 16, 16 ],
			"faces": {
				"down": { "uv": [ 11, 11.25, 14.5, 11.75 ], "texture": "#voxels_atlas" },
				"up": { "uv": [ 7.5, 11.75, 11, 11.25 ], "texture": "#voxels_atlas" },
				"north": { "uv": [ 3.5, 7.75, 0, 8.5 ], "texture": "#voxels_atlas" },
				"south": { "uv": [ 0, 7, 3.5, 7.75 ], "texture": "#voxels_atlas" },
				"east": { "uv": [ 4, 4, 3.5, 4.75 ], "texture": "#voxels_atlas" }
			}
		},
		{
			"__comment": "Voxels",
			"from": [ 2, 20, 2 ],
			"to": [ 14, 21, 14 ],
			"faces": {
				"up": { "uv": [ 10, 16, 13, 13 ], "texture": "#voxels_atlas" },
				"north": { "uv": [ 16, 10.75, 13, 11 ], "texture": "#voxels_atlas" },
				"south": { "uv": [ 4, 10.5, 7, 10.75 ], "texture": "#voxels_atlas" },
				"west": { "uv": [ 11.5, 11.75, 14.5, 12 ], "texture": "#voxels_atlas" },
				"east": { "uv": [ 16, 11, 13, 11.25 ], "texture": "#voxels_atlas" }
			}
		},
		{
			"__comment": "Voxels",
			"from": [ 2, 22, 2 ],
			"to": [ 4, 24, 4 ],
			"faces": {
				"down": { "uv": [ 3.5, 1.5, 4, 2 ], "texture": "#voxels_atlas" },
				"up": { "uv": [ 3.5, 1.5, 4, 1 ], "texture": "#voxels_atlas" },
				"north": { "uv": [ 4, 2, 3.5, 2.5 ], "texture": "#voxels_atlas" },
				"south": { "uv": [ 3.5, 2.5, 4, 3 ], "texture": "#voxels_atlas" },
				"west": { "uv": [ 3.5, 3, 4, 3.5 ], "texture": "#voxels_atlas" },
				"east": { "uv": [ 4, 3.5, 3.5, 4 ], "texture": "#voxels_atlas" }
			}
		},
		{
			"__comment": "Voxels",
			"from": [ 3, -2, 1 ],
			"to": [ 13, 0, 3 ],
			"faces": {
				"down": { "uv": [ 7, 12.5, 9.5, 13 ], "texture": "#voxels_atlas" },
				"north": { "uv": [ 15.5, 12.5, 13, 13 ], "texture": "#voxels_atlas" },
				"south": { "uv": [ 10.5, 10.75, 13, 11.25 ], "texture": "#voxels_atlas" },
				"west": { "uv": [ 3, 1, 3.5, 1.5 ], "texture": "#voxels_atlas" },
				"east": { "uv": [ 16, 12.5, 15.5, 13 ], "texture": "#voxels_atlas" }
			}
		},
		{
			"__comment": "Voxels",
			"from": [ 3, 21, 3 ],
			"to": [ 9, 22, 9 ],
			"faces": {
				"up": { "uv": [ 14.5, 16, 16, 14.5 ], "texture": "#voxels_atlas" },
				"north": { "uv": [ 16, 11.5, 14.5, 11.75 ], "texture": "#voxels_atlas" },
				"south": { "uv": [ 14.5, 11.25, 16, 11.5 ], "texture": "#voxels_atlas" },
				"west": { "uv": [ 2, 2.25, 3.5, 2.5 ], "texture": "#voxels_atlas" },
				"east": { "uv": [ 3.5, 2, 2, 2.25 ], "texture": "#voxels_atlas" }
			}
		},
		{
			"__comment": "Voxels",
			"from": [ 3, 22, 4 ],
			"to": [ 6, 23, 6 ],
			"faces": {
				"up": { "uv": [ 1.5, 1, 2.25, 0.5 ], "texture": "#voxels_atlas" },
				"north": { "uv": [ 7.75, 10.5, 7, 10.75 ], "texture": "#voxels_atlas" },
				"south": { "uv": [ 9.25, 10.5, 10, 10.75 ], "texture": "#voxels_atlas" },
				"west": { "uv": [ 11.5, 10.5, 12, 10.75 ], "texture": "#voxels_atlas" },
				"east": { "uv": [ 11.5, 10.5, 11, 10.75 ], "texture": "#voxels_atlas" }
			}
		},
		{
			"__comment": "Voxels",
			"from": [ 4, 22, 3 ],
			"to": [ 6, 23, 4 ],
			"faces": {
				"up": { "uv": [ 3.5, 0.5, 4, 0.25 ], "texture": "#voxels_atlas" },
				"north": { "uv": [ 4, 0, 3.5, 0.25 ], "texture": "#voxels_atlas" },
				"east": { "uv": [ 15.5, 11.75, 15.25, 12 ], "texture": "#voxels_atlas" }
			}
		},
		{
			"__comment": "Voxels",
			"from": [ 12, 2, 1 ],
			"to": [ 15, 3, 3 ],
			"faces": {
				"up": { "uv": [ 2.25, 1.5, 3, 1 ], "texture": "#voxels_atlas" },
				"north": { "uv": [ 8.5, 10.5, 7.75, 10.75 ], "texture": "#voxels_atlas" },
				"south": { "uv": [ 8.5, 10.5, 9.25, 10.75 ], "texture": "#voxels_atlas" },
				"west": { "uv": [ 10.5, 10.5, 11, 10.75 ], "texture": "#voxels_atlas" },
				"east": { "uv": [ 12.5, 10.5, 12, 10.75 ], "texture": "#voxels_atlas" }
			}
		},
		{
			"__comment": "Voxels",
			"from": [ 14, 5, 1 ],
			"to": [ 15, 13, 3 ],
			"faces": {
				"up": { "uv": [ 4, 10.5, 4.25, 10 ], "texture": "#voxels_atlas" },
				"north": { "uv": [ 3.75, 6.75, 3.5, 8.75 ], "texture": "#voxels_atlas" },
				"south": { "uv": [ 3.75, 4.75, 4, 6.75 ], "texture": "#voxels_atlas" },
				"west": { "uv": [ 3, 2.5, 3.5, 4.5 ], "texture": "#voxels_atlas" },
				"east": { "uv": [ 3, 2.5, 2.5, 4.5 ], "texture": "#voxels_atlas" }
			}
		},
		{
			"__comment": "Voxels",
			"from": [ 14, 13, 2 ],
			"to": [ 16, 16, 14 ],
			"faces": {
				"down": { "uv": [ 1.5, 1.5, 2, 4.5 ], "texture": "#voxels_atlas" },
				"up": { "uv": [ 1, 4.5, 1.5, 1.5 ], "texture": "#voxels_atlas" },
				"west": { "uv": [ 13, 13.75, 16, 14.5 ], "texture": "#voxels_atlas" },
				"east": { "uv": [ 16, 13, 13, 13.75 ], "texture": "#voxels_atlas" }
			}
		},
		{
			"__comment": "Voxels",
			"from": [ 1, 3, 1 ],
			"to": [ 4, 4, 3 ],
			"faces": {
				"up": { "uv": [ 2.75, 2, 3.5, 1.5 ], "texture": "#voxels_atlas" },
				"north": { "uv": [ 15.25, 11.75, 14.5, 12 ], "texture": "#voxels_atlas" },
				"south": { "uv": [ 2.75, 0, 3.5, 0.25 ], "texture": "#voxels_atlas" },
				"west": { "uv": [ 0, 0, 0.5, 0.25 ], "texture": "#voxels_atlas" },
				"east": { "uv": [ 1, 0, 0.5, 0.25 ], "texture": "#voxels_atlas" }
			}
		},
		{
			"__comment": "Voxels",
			"from": [ 12, 3, 1 ],
			"to": [ 15, 4, 3 ],
			"faces": {
				"up": { "uv": [ 2.25, 1.5, 3, 1 ], "texture": "#voxels_atlas" },
				"north": { "uv": [ 8.5, 10.5, 7.75, 10.75 ], "texture": "#voxels_atlas" },
				"south": { "uv": [ 8.5, 10.5, 9.25, 10.75 ], "texture": "#voxels_atlas" },
				"west": { "uv": [ 10.5, 10.5, 11, 10.75 ], "texture": "#voxels_atlas" },
				"east": { "uv": [ 12.5, 10.5, 12, 10.75 ], "texture": "#voxels_atlas" }
			}
		},
		{
			"__comment": "Voxels",
			"from": [ 1, 4, 1 ],
			"to": [ 4, 5, 3 ],
			"faces": {
				"up": { "uv": [ 2.75, 2, 3.5, 1.5 ], "texture": "#voxels_atlas" },
				"north": { "uv": [ 15.25, 11.75, 14.5, 12 ], "texture": "#voxels_atlas" },
				"south": { "uv": [ 2.75, 0, 3.5, 0.25 ], "texture": "#voxels_atlas" },
				"west": { "uv": [ 0, 0, 0.5, 0.25 ], "texture": "#voxels_atlas" },
				"east": { "uv": [ 1, 0, 0.5, 0.25 ], "texture": "#voxels_atlas" }
			}
		},
		{
			"__comment": "Voxels",
			"from": [ 12, 4, 1 ],
			"to": [ 15, 5, 3 ],
			"faces": {
				"up": { "uv": [ 2.25, 1.5, 3, 1 ], "texture": "#voxels_atlas" },
				"north": { "uv": [ 8.5, 10.5, 7.75, 10.75 ], "texture": "#voxels_atlas" },
				"south": { "uv": [ 8.5, 10.5, 9.25, 10.75 ], "texture": "#voxels_atlas" },
				"west": { "uv": [ 10.5, 10.5, 11, 10.75 ], "texture": "#voxels_atlas" },
				"east": { "uv": [ 12.5, 10.5, 12, 10.75 ], "texture": "#voxels_atlas" }
			}
		}
	],
	"display": {
		"thirdperson_righthand": {
			"rotation":  [ 0, 0, 0 ],
			"translation":  [ 0, 0, 0 ],
			"scale":  [ 1, 1, 1 ]
		},
		"thirdperson_lefthand": {
			"rotation":  [ 0, 0, 0 ],
			"translation":  [ 0, 0, 0 ],
			"scale":  [ 1, 1, 1 ]
		},
		"firstperson_righthand": {
			"rotation":  [ 0, 0, 0 ],
			"translation":  [ 0, 0, 0 ],
			"scale":  [ 1, 1, 1 ]
		},
		"firstperson_lefthand": {
			"rotation":  [ 0, 0, 0 ],
			"translation":  [ 0, 0, 0 ],
			"scale":  [ 1, 1, 1 ]
		},
		"gui": {
			"rotation":  [ 0, 0, 0 ],
			"translation":  [ 0, 0, 0 ],
			"scale":  [ 1, 1, 1 ]
		},
		"head": {
			"rotation":  [ 0, 0, 0 ],
			"translation":  [ 0, 0, 0 ],
			"scale":  [ 1, 1, 1 ]
		},
		"ground": {
			"rotation":  [ 0, 0, 0 ],
			"translation":  [ 0, 0, 0 ],
			"scale":  [ 1, 1, 1 ]
		},
		"fixed": {
			"rotation":  [ 0, 0, 0 ],
			"translation":  [ 0, 0, 0 ],
			"scale":  [ 1, 1, 1 ]
		}
	}
}