{
    "parent": "craftingpp:machine/machine",
    "textures": {
        "particle": "craftingpp:machine/compress_craft_machine_side",
        "down": "craftingpp:machine/compress_craft_machine_bottom",
        "up": "craftingpp:machine/compress_craft_machine_top",
        "north": "craftingpp:machine/compress_craft_machine_front",
        "east": "craftingpp:machine/compress_craft_machine_side",
        "south": "craftingpp:machine/compress_craft_machine_side",
        "west": "craftingpp:machine/compress_craft_machine_side"
    }
}
