{
    "ambientocclusion": false,
    "textures": {
        "particle": "#crop"
    },
    "elements": [
        {   "from": [ -7.2, -8, 8 ],
            "to": [ 23.2, 24, 8 ],
            "rotation": { "origin": [ 8, 8, 8 ], "axis": "y", "angle": 45, "rescale": true },
            "shade": false,
            "faces": {
                "north": { "uv": [ 0, 0, 16, 16 ], "texture": "#crop" },
                "south": { "uv": [ 0, 0, 16, 16 ], "texture": "#crop" }
            }
        },
        {   "from": [ 8, -8, -7.2 ],
            "to": [ 8, 24, 23.2 ],
            "rotation": { "origin": [ 8, 8, 8 ], "axis": "y", "angle": 45, "rescale": true },
            "shade": false,
            "faces": {
                "west": { "uv": [ 0, 0, 16, 16 ], "texture": "#crop" },
                "east": { "uv": [ 0, 0, 16, 16 ], "texture": "#crop" }
            }
        }
    ],
    "display": {
		"head": {
			"rotation": [ 0, 0, 0 ],
			"translation": [ 0, -12, 0 ],
			"scale": [ 2.28, 2.28, 2.28 ]
		}
    }
}
